"","yearID","teamID","HR","lgID","HR_tot"
"1",1901,"BLA",24,"AL",228
"2",1901,"BOS",37,"AL",228
"3",1901,"BRO",32,"NL",227
"4",1901,"BSN",28,"NL",227
"5",1901,"CHA",32,"AL",228
"6",1901,"CHN",18,"NL",227
"7",1901,"CIN",38,"NL",227
"8",1901,"CLE",12,"AL",228
"9",1901,"DET",29,"AL",228
"10",1901,"MLA",26,"AL",228
"11",1901,"NY1",19,"NL",227
"12",1901,"PHA",35,"AL",228
"13",1901,"PHI",24,"NL",227
"14",1901,"PIT",29,"NL",227
"15",1901,"SLN",39,"NL",227
"16",1901,"WS1",33,"AL",228
"17",1902,"BLA",33,"AL",258
"18",1902,"BOS",42,"AL",258
"19",1902,"BRO",19,"NL",98
"20",1902,"BSN",14,"NL",98
"21",1902,"CHA",14,"AL",258
"22",1902,"CHN",6,"NL",98
"23",1902,"CIN",18,"NL",98
"24",1902,"CLE",33,"AL",258
"25",1902,"DET",22,"AL",258
"26",1902,"NY1",8,"NL",98
"27",1902,"PHA",38,"AL",258
"28",1902,"PHI",5,"NL",98
"29",1902,"PIT",18,"NL",98
"30",1902,"SLA",29,"AL",258
"31",1902,"SLN",10,"NL",98
"32",1902,"WS1",47,"AL",258
"33",1903,"BOS",48,"AL",184
"34",1903,"BRO",15,"NL",151
"35",1903,"BSN",25,"NL",151
"36",1903,"CHA",14,"AL",184
"37",1903,"CHN",9,"NL",151
"38",1903,"CIN",28,"NL",151
"39",1903,"CLE",31,"AL",184
"40",1903,"DET",12,"AL",184
"41",1903,"NY1",20,"NL",151
"42",1903,"NYA",18,"AL",184
"43",1903,"PHA",32,"AL",184
"44",1903,"PHI",12,"NL",151
"45",1903,"PIT",34,"NL",151
"46",1903,"SLA",12,"AL",184
"47",1903,"SLN",8,"NL",151
"48",1903,"WS1",17,"AL",184
"49",1904,"BOS",26,"AL",156
"50",1904,"BRO",15,"NL",175
"51",1904,"BSN",24,"NL",175
"52",1904,"CHA",14,"AL",156
"53",1904,"CHN",22,"NL",175
"54",1904,"CIN",21,"NL",175
"55",1904,"CLE",27,"AL",156
"56",1904,"DET",11,"AL",156
"57",1904,"NY1",31,"NL",175
"58",1904,"NYA",27,"AL",156
"59",1904,"PHA",31,"AL",156
"60",1904,"PHI",23,"NL",175
"61",1904,"PIT",15,"NL",175
"62",1904,"SLA",10,"AL",156
"63",1904,"SLN",24,"NL",175
"64",1904,"WS1",10,"AL",156
"65",1905,"BOS",29,"AL",156
"66",1905,"BRO",29,"NL",182
"67",1905,"BSN",17,"NL",182
"68",1905,"CHA",11,"AL",156
"69",1905,"CHN",12,"NL",182
"70",1905,"CIN",27,"NL",182
"71",1905,"CLE",18,"AL",156
"72",1905,"DET",13,"AL",156
"73",1905,"NY1",39,"NL",182
"74",1905,"NYA",23,"AL",156
"75",1905,"PHA",24,"AL",156
"76",1905,"PHI",16,"NL",182
"77",1905,"PIT",22,"NL",182
"78",1905,"SLA",16,"AL",156
"79",1905,"SLN",20,"NL",182
"80",1905,"WS1",22,"AL",156
"81",1906,"BOS",13,"AL",137
"82",1906,"BRO",25,"NL",126
"83",1906,"BSN",16,"NL",126
"84",1906,"CHA",7,"AL",137
"85",1906,"CHN",20,"NL",126
"86",1906,"CIN",16,"NL",126
"87",1906,"CLE",12,"AL",137
"88",1906,"DET",10,"AL",137
"89",1906,"NY1",15,"NL",126
"90",1906,"NYA",17,"AL",137
"91",1906,"PHA",32,"AL",137
"92",1906,"PHI",12,"NL",126
"93",1906,"PIT",12,"NL",126
"94",1906,"SLA",20,"AL",137
"95",1906,"SLN",10,"NL",126
"96",1906,"WS1",26,"AL",137
"97",1907,"BOS",18,"AL",104
"98",1907,"BRO",18,"NL",141
"99",1907,"BSN",22,"NL",141
"100",1907,"CHA",5,"AL",104
"101",1907,"CHN",13,"NL",141
"102",1907,"CIN",15,"NL",141
"103",1907,"CLE",11,"AL",104
"104",1907,"DET",11,"AL",104
"105",1907,"NY1",23,"NL",141
"106",1907,"NYA",15,"AL",104
"107",1907,"PHA",22,"AL",104
"108",1907,"PHI",12,"NL",141
"109",1907,"PIT",19,"NL",141
"110",1907,"SLA",10,"AL",104
"111",1907,"SLN",19,"NL",141
"112",1907,"WS1",12,"AL",104
"113",1908,"BOS",14,"AL",116
"114",1908,"BRO",28,"NL",151
"115",1908,"BSN",17,"NL",151
"116",1908,"CHA",3,"AL",116
"117",1908,"CHN",19,"NL",151
"118",1908,"CIN",14,"NL",151
"119",1908,"CLE",18,"AL",116
"120",1908,"DET",19,"AL",116
"121",1908,"NY1",20,"NL",151
"122",1908,"NYA",13,"AL",116
"123",1908,"PHA",21,"AL",116
"124",1908,"PHI",11,"NL",151
"125",1908,"PIT",25,"NL",151
"126",1908,"SLA",20,"AL",116
"127",1908,"SLN",17,"NL",151
"128",1908,"WS1",8,"AL",116
"129",1909,"BOS",20,"AL",109
"130",1909,"BRO",16,"NL",151
"131",1909,"BSN",15,"NL",151
"132",1909,"CHA",4,"AL",109
"133",1909,"CHN",20,"NL",151
"134",1909,"CIN",22,"NL",151
"135",1909,"CLE",10,"AL",109
"136",1909,"DET",19,"AL",109
"137",1909,"NY1",26,"NL",151
"138",1909,"NYA",16,"AL",109
"139",1909,"PHA",21,"AL",109
"140",1909,"PHI",12,"NL",151
"141",1909,"PIT",25,"NL",151
"142",1909,"SLA",10,"AL",109
"143",1909,"SLN",15,"NL",151
"144",1909,"WS1",9,"AL",109
"145",1910,"BOS",43,"AL",147
"146",1910,"BRO",25,"NL",214
"147",1910,"BSN",31,"NL",214
"148",1910,"CHA",7,"AL",147
"149",1910,"CHN",34,"NL",214
"150",1910,"CIN",23,"NL",214
"151",1910,"CLE",9,"AL",147
"152",1910,"DET",28,"AL",147
"153",1910,"NY1",31,"NL",214
"154",1910,"NYA",20,"AL",147
"155",1910,"PHA",19,"AL",147
"156",1910,"PHI",22,"NL",214
"157",1910,"PIT",33,"NL",214
"158",1910,"SLA",12,"AL",147
"159",1910,"SLN",15,"NL",214
"160",1910,"WS1",9,"AL",147
"161",1911,"BOS",35,"AL",198
"162",1911,"BRO",28,"NL",316
"163",1911,"BSN",37,"NL",316
"164",1911,"CHA",20,"AL",198
"165",1911,"CHN",54,"NL",316
"166",1911,"CIN",21,"NL",316
"167",1911,"CLE",20,"AL",198
"168",1911,"DET",30,"AL",198
"169",1911,"NY1",41,"NL",316
"170",1911,"NYA",25,"AL",198
"171",1911,"PHA",35,"AL",198
"172",1911,"PHI",60,"NL",316
"173",1911,"PIT",49,"NL",316
"174",1911,"SLA",17,"AL",198
"175",1911,"SLN",26,"NL",316
"176",1911,"WS1",16,"AL",198
"177",1912,"BOS",29,"AL",156
"178",1912,"BRO",32,"NL",287
"179",1912,"BSN",35,"NL",287
"180",1912,"CHA",17,"AL",156
"181",1912,"CHN",43,"NL",287
"182",1912,"CIN",21,"NL",287
"183",1912,"CLE",12,"AL",156
"184",1912,"DET",19,"AL",156
"185",1912,"NY1",47,"NL",287
"186",1912,"NYA",18,"AL",156
"187",1912,"PHA",22,"AL",156
"188",1912,"PHI",43,"NL",287
"189",1912,"PIT",39,"NL",287
"190",1912,"SLA",19,"AL",156
"191",1912,"SLN",27,"NL",287
"192",1912,"WS1",20,"AL",156
"193",1913,"BOS",17,"AL",159
"194",1913,"BRO",39,"NL",310
"195",1913,"BSN",32,"NL",310
"196",1913,"CHA",24,"AL",159
"197",1913,"CHN",59,"NL",310
"198",1913,"CIN",27,"NL",310
"199",1913,"CLE",16,"AL",159
"200",1913,"DET",24,"AL",159
"201",1913,"NY1",30,"NL",310
"202",1913,"NYA",8,"AL",159
"203",1913,"PHA",33,"AL",159
"204",1913,"PHI",73,"NL",310
"205",1913,"PIT",35,"NL",310
"206",1913,"SLA",18,"AL",159
"207",1913,"SLN",15,"NL",310
"208",1913,"WS1",19,"AL",159
"209",1914,"BOS",18,"AL",148
"210",1914,"BRO",31,"NL",267
"211",1914,"BSN",35,"NL",267
"212",1914,"CHA",19,"AL",148
"213",1914,"CHN",42,"NL",267
"214",1914,"CIN",16,"NL",267
"215",1914,"CLE",10,"AL",148
"216",1914,"DET",25,"AL",148
"217",1914,"NY1",30,"NL",267
"218",1914,"NYA",12,"AL",148
"219",1914,"PHA",29,"AL",148
"220",1914,"PHI",62,"NL",267
"221",1914,"PIT",18,"NL",267
"222",1914,"SLA",17,"AL",148
"223",1914,"SLN",33,"NL",267
"224",1914,"WS1",18,"AL",148
"225",1915,"BOS",14,"AL",160
"226",1915,"BRO",14,"NL",225
"227",1915,"BSN",17,"NL",225
"228",1915,"CHA",25,"AL",160
"229",1915,"CHN",53,"NL",225
"230",1915,"CIN",15,"NL",225
"231",1915,"CLE",20,"AL",160
"232",1915,"DET",23,"AL",160
"233",1915,"NY1",24,"NL",225
"234",1915,"NYA",31,"AL",160
"235",1915,"PHA",16,"AL",160
"236",1915,"PHI",58,"NL",225
"237",1915,"PIT",24,"NL",225
"238",1915,"SLA",19,"AL",160
"239",1915,"SLN",20,"NL",225
"240",1915,"WS1",12,"AL",160
"241",1916,"BOS",14,"AL",144
"242",1916,"BRO",28,"NL",239
"243",1916,"BSN",22,"NL",239
"244",1916,"CHA",17,"AL",144
"245",1916,"CHN",46,"NL",239
"246",1916,"CIN",14,"NL",239
"247",1916,"CLE",16,"AL",144
"248",1916,"DET",17,"AL",144
"249",1916,"NY1",42,"NL",239
"250",1916,"NYA",35,"AL",144
"251",1916,"PHA",19,"AL",144
"252",1916,"PHI",42,"NL",239
"253",1916,"PIT",20,"NL",239
"254",1916,"SLA",14,"AL",144
"255",1916,"SLN",25,"NL",239
"256",1916,"WS1",12,"AL",144
"257",1917,"BOS",14,"AL",133
"258",1917,"BRO",25,"NL",202
"259",1917,"BSN",22,"NL",202
"260",1917,"CHA",18,"AL",133
"261",1917,"CHN",17,"NL",202
"262",1917,"CIN",26,"NL",202
"263",1917,"CLE",13,"AL",133
"264",1917,"DET",25,"AL",133
"265",1917,"NY1",39,"NL",202
"266",1917,"NYA",27,"AL",133
"267",1917,"PHA",17,"AL",133
"268",1917,"PHI",38,"NL",202
"269",1917,"PIT",9,"NL",202
"270",1917,"SLA",15,"AL",133
"271",1917,"SLN",26,"NL",202
"272",1917,"WS1",4,"AL",133
"273",1918,"BOS",15,"AL",96
"274",1918,"BRO",10,"NL",139
"275",1918,"BSN",13,"NL",139
"276",1918,"CHA",8,"AL",96
"277",1918,"CHN",21,"NL",139
"278",1918,"CIN",15,"NL",139
"279",1918,"CLE",9,"AL",96
"280",1918,"DET",13,"AL",96
"281",1918,"NY1",13,"NL",139
"282",1918,"NYA",20,"AL",96
"283",1918,"PHA",22,"AL",96
"284",1918,"PHI",25,"NL",139
"285",1918,"PIT",15,"NL",139
"286",1918,"SLA",5,"AL",96
"287",1918,"SLN",27,"NL",139
"288",1918,"WS1",4,"AL",96
"289",1919,"BOS",33,"AL",240
"290",1919,"BRO",25,"NL",207
"291",1919,"BSN",24,"NL",207
"292",1919,"CHA",25,"AL",240
"293",1919,"CHN",21,"NL",207
"294",1919,"CIN",20,"NL",207
"295",1919,"CLE",24,"AL",240
"296",1919,"DET",23,"AL",240
"297",1919,"NY1",40,"NL",207
"298",1919,"NYA",45,"AL",240
"299",1919,"PHA",35,"AL",240
"300",1919,"PHI",42,"NL",207
"301",1919,"PIT",17,"NL",207
"302",1919,"SLA",31,"AL",240
"303",1919,"SLN",18,"NL",207
"304",1919,"WS1",24,"AL",240
"305",1920,"BOS",22,"AL",369
"306",1920,"BRO",28,"NL",261
"307",1920,"BSN",23,"NL",261
"308",1920,"CHA",37,"AL",369
"309",1920,"CHN",34,"NL",261
"310",1920,"CIN",18,"NL",261
"311",1920,"CLE",35,"AL",369
"312",1920,"DET",30,"AL",369
"313",1920,"NY1",46,"NL",261
"314",1920,"NYA",115,"AL",369
"315",1920,"PHA",44,"AL",369
"316",1920,"PHI",64,"NL",261
"317",1920,"PIT",16,"NL",261
"318",1920,"SLA",50,"AL",369
"319",1920,"SLN",32,"NL",261
"320",1920,"WS1",36,"AL",369
"321",1921,"BOS",17,"AL",477
"322",1921,"BRO",59,"NL",460
"323",1921,"BSN",61,"NL",460
"324",1921,"CHA",35,"AL",477
"325",1921,"CHN",37,"NL",460
"326",1921,"CIN",20,"NL",460
"327",1921,"CLE",42,"AL",477
"328",1921,"DET",58,"AL",477
"329",1921,"NY1",75,"NL",460
"330",1921,"NYA",134,"AL",477
"331",1921,"PHA",82,"AL",477
"332",1921,"PHI",88,"NL",460
"333",1921,"PIT",37,"NL",460
"334",1921,"SLA",67,"AL",477
"335",1921,"SLN",83,"NL",460
"336",1921,"WS1",42,"AL",477
"337",1922,"BOS",45,"AL",525
"338",1922,"BRO",56,"NL",530
"339",1922,"BSN",32,"NL",530
"340",1922,"CHA",45,"AL",525
"341",1922,"CHN",42,"NL",530
"342",1922,"CIN",45,"NL",530
"343",1922,"CLE",32,"AL",525
"344",1922,"DET",54,"AL",525
"345",1922,"NY1",80,"NL",530
"346",1922,"NYA",95,"AL",525
"347",1922,"PHA",111,"AL",525
"348",1922,"PHI",116,"NL",530
"349",1922,"PIT",52,"NL",530
"350",1922,"SLA",98,"AL",525
"351",1922,"SLN",107,"NL",530
"352",1922,"WS1",45,"AL",525
"353",1923,"BOS",34,"AL",442
"354",1923,"BRO",62,"NL",538
"355",1923,"BSN",32,"NL",538
"356",1923,"CHA",42,"AL",442
"357",1923,"CHN",90,"NL",538
"358",1923,"CIN",45,"NL",538
"359",1923,"CLE",59,"AL",442
"360",1923,"DET",41,"AL",442
"361",1923,"NY1",85,"NL",538
"362",1923,"NYA",105,"AL",442
"363",1923,"PHA",53,"AL",442
"364",1923,"PHI",112,"NL",538
"365",1923,"PIT",49,"NL",538
"366",1923,"SLA",82,"AL",442
"367",1923,"SLN",63,"NL",538
"368",1923,"WS1",26,"AL",442
"369",1924,"BOS",30,"AL",397
"370",1924,"BRO",72,"NL",499
"371",1924,"BSN",25,"NL",499
"372",1924,"CHA",41,"AL",397
"373",1924,"CHN",66,"NL",499
"374",1924,"CIN",36,"NL",499
"375",1924,"CLE",41,"AL",397
"376",1924,"DET",35,"AL",397
"377",1924,"NY1",95,"NL",499
"378",1924,"NYA",98,"AL",397
"379",1924,"PHA",63,"AL",397
"380",1924,"PHI",94,"NL",499
"381",1924,"PIT",44,"NL",499
"382",1924,"SLA",67,"AL",397
"383",1924,"SLN",67,"NL",499
"384",1924,"WS1",22,"AL",397
"385",1925,"BOS",41,"AL",533
"386",1925,"BRO",64,"NL",636
"387",1925,"BSN",41,"NL",636
"388",1925,"CHA",38,"AL",533
"389",1925,"CHN",86,"NL",636
"390",1925,"CIN",44,"NL",636
"391",1925,"CLE",52,"AL",533
"392",1925,"DET",50,"AL",533
"393",1925,"NY1",114,"NL",636
"394",1925,"NYA",110,"AL",533
"395",1925,"PHA",76,"AL",533
"396",1925,"PHI",100,"NL",636
"397",1925,"PIT",78,"NL",636
"398",1925,"SLA",110,"AL",533
"399",1925,"SLN",109,"NL",636
"400",1925,"WS1",56,"AL",533
"401",1926,"BOS",32,"AL",424
"402",1926,"BRO",40,"NL",439
"403",1926,"BSN",16,"NL",439
"404",1926,"CHA",32,"AL",424
"405",1926,"CHN",66,"NL",439
"406",1926,"CIN",35,"NL",439
"407",1926,"CLE",27,"AL",424
"408",1926,"DET",36,"AL",424
"409",1926,"NY1",73,"NL",439
"410",1926,"NYA",121,"AL",424
"411",1926,"PHA",61,"AL",424
"412",1926,"PHI",75,"NL",439
"413",1926,"PIT",44,"NL",439
"414",1926,"SLA",72,"AL",424
"415",1926,"SLN",90,"NL",439
"416",1926,"WS1",43,"AL",424
"417",1927,"BOS",28,"AL",439
"418",1927,"BRO",39,"NL",483
"419",1927,"BSN",37,"NL",483
"420",1927,"CHA",36,"AL",439
"421",1927,"CHN",74,"NL",483
"422",1927,"CIN",29,"NL",483
"423",1927,"CLE",26,"AL",439
"424",1927,"DET",51,"AL",439
"425",1927,"NY1",109,"NL",483
"426",1927,"NYA",158,"AL",439
"427",1927,"PHA",56,"AL",439
"428",1927,"PHI",57,"NL",483
"429",1927,"PIT",54,"NL",483
"430",1927,"SLA",55,"AL",439
"431",1927,"SLN",84,"NL",483
"432",1927,"WS1",29,"AL",439
"433",1928,"BOS",38,"AL",483
"434",1928,"BRO",66,"NL",610
"435",1928,"BSN",52,"NL",610
"436",1928,"CHA",24,"AL",483
"437",1928,"CHN",92,"NL",610
"438",1928,"CIN",32,"NL",610
"439",1928,"CLE",34,"AL",483
"440",1928,"DET",62,"AL",483
"441",1928,"NY1",118,"NL",610
"442",1928,"NYA",133,"AL",483
"443",1928,"PHA",89,"AL",483
"444",1928,"PHI",85,"NL",610
"445",1928,"PIT",52,"NL",610
"446",1928,"SLA",63,"AL",483
"447",1928,"SLN",113,"NL",610
"448",1928,"WS1",40,"AL",483
"449",1929,"BOS",28,"AL",595
"450",1929,"BRO",99,"NL",754
"451",1929,"BSN",33,"NL",754
"452",1929,"CHA",37,"AL",595
"453",1929,"CHN",139,"NL",754
"454",1929,"CIN",34,"NL",754
"455",1929,"CLE",62,"AL",595
"456",1929,"DET",110,"AL",595
"457",1929,"NY1",136,"NL",754
"458",1929,"NYA",142,"AL",595
"459",1929,"PHA",122,"AL",595
"460",1929,"PHI",153,"NL",754
"461",1929,"PIT",60,"NL",754
"462",1929,"SLA",46,"AL",595
"463",1929,"SLN",100,"NL",754
"464",1929,"WS1",48,"AL",595
"465",1930,"BOS",47,"AL",673
"466",1930,"BRO",122,"NL",892
"467",1930,"BSN",66,"NL",892
"468",1930,"CHA",63,"AL",673
"469",1930,"CHN",171,"NL",892
"470",1930,"CIN",74,"NL",892
"471",1930,"CLE",72,"AL",673
"472",1930,"DET",82,"AL",673
"473",1930,"NY1",143,"NL",892
"474",1930,"NYA",152,"AL",673
"475",1930,"PHA",125,"AL",673
"476",1930,"PHI",126,"NL",892
"477",1930,"PIT",86,"NL",892
"478",1930,"SLA",75,"AL",673
"479",1930,"SLN",104,"NL",892
"480",1930,"WS1",57,"AL",673
"481",1931,"BOS",37,"AL",576
"482",1931,"BRO",71,"NL",493
"483",1931,"BSN",34,"NL",493
"484",1931,"CHA",27,"AL",576
"485",1931,"CHN",84,"NL",493
"486",1931,"CIN",21,"NL",493
"487",1931,"CLE",71,"AL",576
"488",1931,"DET",43,"AL",576
"489",1931,"NY1",101,"NL",493
"490",1931,"NYA",155,"AL",576
"491",1931,"PHA",118,"AL",576
"492",1931,"PHI",81,"NL",493
"493",1931,"PIT",41,"NL",493
"494",1931,"SLA",76,"AL",576
"495",1931,"SLN",60,"NL",493
"496",1931,"WS1",49,"AL",576
"497",1932,"BOS",53,"AL",707
"498",1932,"BRO",110,"NL",651
"499",1932,"BSN",63,"NL",651
"500",1932,"CHA",36,"AL",707
"501",1932,"CHN",69,"NL",651
"502",1932,"CIN",47,"NL",651
"503",1932,"CLE",78,"AL",707
"504",1932,"DET",80,"AL",707
"505",1932,"NY1",116,"NL",651
"506",1932,"NYA",160,"AL",707
"507",1932,"PHA",172,"AL",707
"508",1932,"PHI",122,"NL",651
"509",1932,"PIT",48,"NL",651
"510",1932,"SLA",67,"AL",707
"511",1932,"SLN",76,"NL",651
"512",1932,"WS1",61,"AL",707
"513",1933,"BOS",50,"AL",607
"514",1933,"BRO",62,"NL",460
"515",1933,"BSN",54,"NL",460
"516",1933,"CHA",43,"AL",607
"517",1933,"CHN",72,"NL",460
"518",1933,"CIN",34,"NL",460
"519",1933,"CLE",50,"AL",607
"520",1933,"DET",57,"AL",607
"521",1933,"NY1",82,"NL",460
"522",1933,"NYA",144,"AL",607
"523",1933,"PHA",139,"AL",607
"524",1933,"PHI",60,"NL",460
"525",1933,"PIT",39,"NL",460
"526",1933,"SLA",64,"AL",607
"527",1933,"SLN",57,"NL",460
"528",1933,"WS1",60,"AL",607
"529",1934,"BOS",51,"AL",688
"530",1934,"BRO",79,"NL",656
"531",1934,"BSN",83,"NL",656
"532",1934,"CHA",71,"AL",688
"533",1934,"CHN",101,"NL",656
"534",1934,"CIN",55,"NL",656
"535",1934,"CLE",100,"AL",688
"536",1934,"DET",74,"AL",688
"537",1934,"NY1",126,"NL",656
"538",1934,"NYA",135,"AL",688
"539",1934,"PHA",144,"AL",688
"540",1934,"PHI",56,"NL",656
"541",1934,"PIT",52,"NL",656
"542",1934,"SLA",62,"AL",688
"543",1934,"SLN",104,"NL",656
"544",1934,"WS1",51,"AL",688
"545",1935,"BOS",69,"AL",663
"546",1935,"BRO",59,"NL",662
"547",1935,"BSN",75,"NL",662
"548",1935,"CHA",74,"AL",663
"549",1935,"CHN",88,"NL",662
"550",1935,"CIN",73,"NL",662
"551",1935,"CLE",93,"AL",663
"552",1935,"DET",106,"AL",663
"553",1935,"NY1",123,"NL",662
"554",1935,"NYA",104,"AL",663
"555",1935,"PHA",112,"AL",663
"556",1935,"PHI",92,"NL",662
"557",1935,"PIT",66,"NL",662
"558",1935,"SLA",73,"AL",663
"559",1935,"SLN",86,"NL",662
"560",1935,"WS1",32,"AL",663
"561",1936,"BOS",86,"AL",758
"562",1936,"BRO",33,"NL",606
"563",1936,"BSN",67,"NL",606
"564",1936,"CHA",60,"AL",758
"565",1936,"CHN",76,"NL",606
"566",1936,"CIN",82,"NL",606
"567",1936,"CLE",123,"AL",758
"568",1936,"DET",94,"AL",758
"569",1936,"NY1",97,"NL",606
"570",1936,"NYA",182,"AL",758
"571",1936,"PHA",72,"AL",758
"572",1936,"PHI",103,"NL",606
"573",1936,"PIT",60,"NL",606
"574",1936,"SLA",79,"AL",758
"575",1936,"SLN",88,"NL",606
"576",1936,"WS1",62,"AL",758
"577",1937,"BOS",100,"AL",806
"578",1937,"BRO",37,"NL",624
"579",1937,"BSN",63,"NL",624
"580",1937,"CHA",67,"AL",806
"581",1937,"CHN",96,"NL",624
"582",1937,"CIN",73,"NL",624
"583",1937,"CLE",103,"AL",806
"584",1937,"DET",150,"AL",806
"585",1937,"NY1",111,"NL",624
"586",1937,"NYA",174,"AL",806
"587",1937,"PHA",94,"AL",806
"588",1937,"PHI",103,"NL",624
"589",1937,"PIT",47,"NL",624
"590",1937,"SLA",71,"AL",806
"591",1937,"SLN",94,"NL",624
"592",1937,"WS1",47,"AL",806
"593",1938,"BOS",98,"AL",864
"594",1938,"BRO",61,"NL",611
"595",1938,"BSN",54,"NL",611
"596",1938,"CHA",67,"AL",864
"597",1938,"CHN",65,"NL",611
"598",1938,"CIN",110,"NL",611
"599",1938,"CLE",113,"AL",864
"600",1938,"DET",137,"AL",864
"601",1938,"NY1",125,"NL",611
"602",1938,"NYA",174,"AL",864
"603",1938,"PHA",98,"AL",864
"604",1938,"PHI",40,"NL",611
"605",1938,"PIT",65,"NL",611
"606",1938,"SLA",92,"AL",864
"607",1938,"SLN",91,"NL",611
"608",1938,"WS1",85,"AL",864
"609",1939,"BOS",124,"AL",796
"610",1939,"BRO",78,"NL",649
"611",1939,"BSN",56,"NL",649
"612",1939,"CHA",64,"AL",796
"613",1939,"CHN",91,"NL",649
"614",1939,"CIN",98,"NL",649
"615",1939,"CLE",85,"AL",796
"616",1939,"DET",124,"AL",796
"617",1939,"NY1",116,"NL",649
"618",1939,"NYA",166,"AL",796
"619",1939,"PHA",98,"AL",796
"620",1939,"PHI",49,"NL",649
"621",1939,"PIT",63,"NL",649
"622",1939,"SLA",91,"AL",796
"623",1939,"SLN",98,"NL",649
"624",1939,"WS1",44,"AL",796
"625",1940,"BOS",145,"AL",883
"626",1940,"BRO",93,"NL",688
"627",1940,"BSN",59,"NL",688
"628",1940,"CHA",73,"AL",883
"629",1940,"CHN",86,"NL",688
"630",1940,"CIN",89,"NL",688
"631",1940,"CLE",101,"AL",883
"632",1940,"DET",134,"AL",883
"633",1940,"NY1",91,"NL",688
"634",1940,"NYA",155,"AL",883
"635",1940,"PHA",105,"AL",883
"636",1940,"PHI",75,"NL",688
"637",1940,"PIT",76,"NL",688
"638",1940,"SLA",118,"AL",883
"639",1940,"SLN",119,"NL",688
"640",1940,"WS1",52,"AL",883
"641",1941,"BOS",124,"AL",734
"642",1941,"BRO",101,"NL",597
"643",1941,"BSN",48,"NL",597
"644",1941,"CHA",47,"AL",734
"645",1941,"CHN",99,"NL",597
"646",1941,"CIN",64,"NL",597
"647",1941,"CLE",103,"AL",734
"648",1941,"DET",81,"AL",734
"649",1941,"NY1",95,"NL",597
"650",1941,"NYA",151,"AL",734
"651",1941,"PHA",85,"AL",734
"652",1941,"PHI",64,"NL",597
"653",1941,"PIT",56,"NL",597
"654",1941,"SLA",91,"AL",734
"655",1941,"SLN",70,"NL",597
"656",1941,"WS1",52,"AL",734
"657",1942,"BOS",103,"AL",533
"658",1942,"BRO",62,"NL",538
"659",1942,"BSN",68,"NL",538
"660",1942,"CHA",25,"AL",533
"661",1942,"CHN",75,"NL",538
"662",1942,"CIN",66,"NL",538
"663",1942,"CLE",50,"AL",533
"664",1942,"DET",76,"AL",533
"665",1942,"NY1",109,"NL",538
"666",1942,"NYA",108,"AL",533
"667",1942,"PHA",33,"AL",533
"668",1942,"PHI",44,"NL",538
"669",1942,"PIT",54,"NL",538
"670",1942,"SLA",98,"AL",533
"671",1942,"SLN",60,"NL",538
"672",1942,"WS1",40,"AL",533
"673",1943,"BOS",57,"AL",473
"674",1943,"BRO",39,"NL",432
"675",1943,"BSN",39,"NL",432
"676",1943,"CHA",33,"AL",473
"677",1943,"CHN",52,"NL",432
"678",1943,"CIN",43,"NL",432
"679",1943,"CLE",55,"AL",473
"680",1943,"DET",77,"AL",473
"681",1943,"NY1",81,"NL",432
"682",1943,"NYA",100,"AL",473
"683",1943,"PHA",26,"AL",473
"684",1943,"PHI",66,"NL",432
"685",1943,"PIT",42,"NL",432
"686",1943,"SLA",78,"AL",473
"687",1943,"SLN",70,"NL",432
"688",1943,"WS1",47,"AL",473
"689",1944,"BOS",69,"AL",459
"690",1944,"BRO",56,"NL",575
"691",1944,"BSN",79,"NL",575
"692",1944,"CHA",23,"AL",459
"693",1944,"CHN",71,"NL",575
"694",1944,"CIN",51,"NL",575
"695",1944,"CLE",70,"AL",459
"696",1944,"DET",60,"AL",459
"697",1944,"NY1",93,"NL",575
"698",1944,"NYA",96,"AL",459
"699",1944,"PHA",36,"AL",459
"700",1944,"PHI",55,"NL",575
"701",1944,"PIT",70,"NL",575
"702",1944,"SLA",72,"AL",459
"703",1944,"SLN",100,"NL",575
"704",1944,"WS1",33,"AL",459
"705",1945,"BOS",50,"AL",430
"706",1945,"BRO",57,"NL",577
"707",1945,"BSN",101,"NL",577
"708",1945,"CHA",22,"AL",430
"709",1945,"CHN",57,"NL",577
"710",1945,"CIN",56,"NL",577
"711",1945,"CLE",65,"AL",430
"712",1945,"DET",77,"AL",430
"713",1945,"NY1",114,"NL",577
"714",1945,"NYA",93,"AL",430
"715",1945,"PHA",33,"AL",430
"716",1945,"PHI",56,"NL",577
"717",1945,"PIT",72,"NL",577
"718",1945,"SLA",63,"AL",430
"719",1945,"SLN",64,"NL",577
"720",1945,"WS1",27,"AL",430
"721",1946,"BOS",109,"AL",653
"722",1946,"BRO",55,"NL",562
"723",1946,"BSN",44,"NL",562
"724",1946,"CHA",37,"AL",653
"725",1946,"CHN",56,"NL",562
"726",1946,"CIN",65,"NL",562
"727",1946,"CLE",79,"AL",653
"728",1946,"DET",108,"AL",653
"729",1946,"NY1",121,"NL",562
"730",1946,"NYA",136,"AL",653
"731",1946,"PHA",40,"AL",653
"732",1946,"PHI",80,"NL",562
"733",1946,"PIT",60,"NL",562
"734",1946,"SLA",84,"AL",653
"735",1946,"SLN",81,"NL",562
"736",1946,"WS1",60,"AL",653
"737",1947,"BOS",103,"AL",679
"738",1947,"BRO",83,"NL",886
"739",1947,"BSN",85,"NL",886
"740",1947,"CHA",53,"AL",679
"741",1947,"CHN",71,"NL",886
"742",1947,"CIN",95,"NL",886
"743",1947,"CLE",112,"AL",679
"744",1947,"DET",103,"AL",679
"745",1947,"NY1",221,"NL",886
"746",1947,"NYA",115,"AL",679
"747",1947,"PHA",61,"AL",679
"748",1947,"PHI",60,"NL",886
"749",1947,"PIT",156,"NL",886
"750",1947,"SLA",90,"AL",679
"751",1947,"SLN",115,"NL",886
"752",1947,"WS1",42,"AL",679
"753",1948,"BOS",121,"AL",710
"754",1948,"BRO",91,"NL",845
"755",1948,"BSN",95,"NL",845
"756",1948,"CHA",55,"AL",710
"757",1948,"CHN",87,"NL",845
"758",1948,"CIN",104,"NL",845
"759",1948,"CLE",155,"AL",710
"760",1948,"DET",78,"AL",710
"761",1948,"NY1",164,"NL",845
"762",1948,"NYA",139,"AL",710
"763",1948,"PHA",68,"AL",710
"764",1948,"PHI",91,"NL",845
"765",1948,"PIT",108,"NL",845
"766",1948,"SLA",63,"AL",710
"767",1948,"SLN",105,"NL",845
"768",1948,"WS1",31,"AL",710
"769",1949,"BOS",131,"AL",769
"770",1949,"BRO",152,"NL",935
"771",1949,"BSN",103,"NL",935
"772",1949,"CHA",43,"AL",769
"773",1949,"CHN",97,"NL",935
"774",1949,"CIN",86,"NL",935
"775",1949,"CLE",112,"AL",769
"776",1949,"DET",88,"AL",769
"777",1949,"NY1",147,"NL",935
"778",1949,"NYA",115,"AL",769
"779",1949,"PHA",82,"AL",769
"780",1949,"PHI",122,"NL",935
"781",1949,"PIT",126,"NL",935
"782",1949,"SLA",117,"AL",769
"783",1949,"SLN",102,"NL",935
"784",1949,"WS1",81,"AL",769
"785",1950,"BOS",161,"AL",973
"786",1950,"BRO",194,"NL",1100
"787",1950,"BSN",148,"NL",1100
"788",1950,"CHA",93,"AL",973
"789",1950,"CHN",161,"NL",1100
"790",1950,"CIN",99,"NL",1100
"791",1950,"CLE",164,"AL",973
"792",1950,"DET",114,"AL",973
"793",1950,"NY1",133,"NL",1100
"794",1950,"NYA",159,"AL",973
"795",1950,"PHA",100,"AL",973
"796",1950,"PHI",125,"NL",1100
"797",1950,"PIT",138,"NL",1100
"798",1950,"SLA",106,"AL",973
"799",1950,"SLN",102,"NL",1100
"800",1950,"WS1",76,"AL",973
"801",1951,"BOS",127,"AL",839
"802",1951,"BRO",184,"NL",1024
"803",1951,"BSN",130,"NL",1024
"804",1951,"CHA",86,"AL",839
"805",1951,"CHN",103,"NL",1024
"806",1951,"CIN",88,"NL",1024
"807",1951,"CLE",140,"AL",839
"808",1951,"DET",104,"AL",839
"809",1951,"NY1",179,"NL",1024
"810",1951,"NYA",140,"AL",839
"811",1951,"PHA",102,"AL",839
"812",1951,"PHI",108,"NL",1024
"813",1951,"PIT",137,"NL",1024
"814",1951,"SLA",86,"AL",839
"815",1951,"SLN",95,"NL",1024
"816",1951,"WS1",54,"AL",839
"817",1952,"BOS",113,"AL",794
"818",1952,"BRO",153,"NL",907
"819",1952,"BSN",110,"NL",907
"820",1952,"CHA",80,"AL",794
"821",1952,"CHN",107,"NL",907
"822",1952,"CIN",104,"NL",907
"823",1952,"CLE",148,"AL",794
"824",1952,"DET",103,"AL",794
"825",1952,"NY1",151,"NL",907
"826",1952,"NYA",129,"AL",794
"827",1952,"PHA",89,"AL",794
"828",1952,"PHI",93,"NL",907
"829",1952,"PIT",92,"NL",907
"830",1952,"SLA",82,"AL",794
"831",1952,"SLN",97,"NL",907
"832",1952,"WS1",50,"AL",794
"833",1953,"BOS",101,"AL",879
"834",1953,"BRO",208,"NL",1197
"835",1953,"CHA",74,"AL",879
"836",1953,"CHN",137,"NL",1197
"837",1953,"CIN",166,"NL",1197
"838",1953,"CLE",160,"AL",879
"839",1953,"DET",108,"AL",879
"840",1953,"ML1",156,"NL",1197
"841",1953,"NY1",176,"NL",1197
"842",1953,"NYA",139,"AL",879
"843",1953,"PHA",116,"AL",879
"844",1953,"PHI",115,"NL",1197
"845",1953,"PIT",99,"NL",1197
"846",1953,"SLA",112,"AL",879
"847",1953,"SLN",140,"NL",1197
"848",1953,"WS1",69,"AL",879
"849",1954,"BAL",52,"AL",823
"850",1954,"BOS",123,"AL",823
"851",1954,"BRO",186,"NL",1114
"852",1954,"CHA",94,"AL",823
"853",1954,"CHN",159,"NL",1114
"854",1954,"CIN",147,"NL",1114
"855",1954,"CLE",156,"AL",823
"856",1954,"DET",90,"AL",823
"857",1954,"ML1",139,"NL",1114
"858",1954,"NY1",186,"NL",1114
"859",1954,"NYA",133,"AL",823
"860",1954,"PHA",94,"AL",823
"861",1954,"PHI",102,"NL",1114
"862",1954,"PIT",76,"NL",1114
"863",1954,"SLN",119,"NL",1114
"864",1954,"WS1",81,"AL",823
"865",1955,"BAL",54,"AL",961
"866",1955,"BOS",137,"AL",961
"867",1955,"BRO",201,"NL",1263
"868",1955,"CHA",116,"AL",961
"869",1955,"CHN",164,"NL",1263
"870",1955,"CIN",181,"NL",1263
"871",1955,"CLE",148,"AL",961
"872",1955,"DET",130,"AL",961
"873",1955,"KC1",121,"AL",961
"874",1955,"ML1",182,"NL",1263
"875",1955,"NY1",169,"NL",1263
"876",1955,"NYA",175,"AL",961
"877",1955,"PHI",132,"NL",1263
"878",1955,"PIT",91,"NL",1263
"879",1955,"SLN",143,"NL",1263
"880",1955,"WS1",80,"AL",961
"881",1956,"BAL",91,"AL",1075
"882",1956,"BOS",139,"AL",1075
"883",1956,"BRO",179,"NL",1219
"884",1956,"CHA",128,"AL",1075
"885",1956,"CHN",142,"NL",1219
"886",1956,"CIN",221,"NL",1219
"887",1956,"CLE",153,"AL",1075
"888",1956,"DET",150,"AL",1075
"889",1956,"KC1",112,"AL",1075
"890",1956,"ML1",177,"NL",1219
"891",1956,"NY1",145,"NL",1219
"892",1956,"NYA",190,"AL",1075
"893",1956,"PHI",121,"NL",1219
"894",1956,"PIT",110,"NL",1219
"895",1956,"SLN",124,"NL",1219
"896",1956,"WS1",112,"AL",1075
"897",1957,"BAL",87,"AL",1024
"898",1957,"BOS",153,"AL",1024
"899",1957,"BRO",147,"NL",1178
"900",1957,"CHA",106,"AL",1024
"901",1957,"CHN",147,"NL",1178
"902",1957,"CIN",187,"NL",1178
"903",1957,"CLE",140,"AL",1024
"904",1957,"DET",116,"AL",1024
"905",1957,"KC1",166,"AL",1024
"906",1957,"ML1",199,"NL",1178
"907",1957,"NY1",157,"NL",1178
"908",1957,"NYA",145,"AL",1024
"909",1957,"PHI",117,"NL",1178
"910",1957,"PIT",92,"NL",1178
"911",1957,"SLN",132,"NL",1178
"912",1957,"WS1",111,"AL",1024
"913",1958,"BAL",108,"AL",1057
"914",1958,"BOS",155,"AL",1057
"915",1958,"CHA",101,"AL",1057
"916",1958,"CHN",182,"NL",1183
"917",1958,"CIN",123,"NL",1183
"918",1958,"CLE",161,"AL",1057
"919",1958,"DET",109,"AL",1057
"920",1958,"KC1",138,"AL",1057
"921",1958,"LAN",172,"NL",1183
"922",1958,"ML1",167,"NL",1183
"923",1958,"NYA",164,"AL",1057
"924",1958,"PHI",124,"NL",1183
"925",1958,"PIT",134,"NL",1183
"926",1958,"SFN",170,"NL",1183
"927",1958,"SLN",111,"NL",1183
"928",1958,"WS1",121,"AL",1057
"929",1959,"BAL",109,"AL",1091
"930",1959,"BOS",125,"AL",1091
"931",1959,"CHA",97,"AL",1091
"932",1959,"CHN",163,"NL",1159
"933",1959,"CIN",161,"NL",1159
"934",1959,"CLE",167,"AL",1091
"935",1959,"DET",160,"AL",1091
"936",1959,"KC1",117,"AL",1091
"937",1959,"LAN",148,"NL",1159
"938",1959,"ML1",177,"NL",1159
"939",1959,"NYA",153,"AL",1091
"940",1959,"PHI",113,"NL",1159
"941",1959,"PIT",112,"NL",1159
"942",1959,"SFN",167,"NL",1159
"943",1959,"SLN",118,"NL",1159
"944",1959,"WS1",163,"AL",1091
"945",1960,"BAL",123,"AL",1086
"946",1960,"BOS",124,"AL",1086
"947",1960,"CHA",112,"AL",1086
"948",1960,"CHN",119,"NL",1042
"949",1960,"CIN",140,"NL",1042
"950",1960,"CLE",127,"AL",1086
"951",1960,"DET",150,"AL",1086
"952",1960,"KC1",110,"AL",1086
"953",1960,"LAN",126,"NL",1042
"954",1960,"ML1",170,"NL",1042
"955",1960,"NYA",193,"AL",1086
"956",1960,"PHI",99,"NL",1042
"957",1960,"PIT",120,"NL",1042
"958",1960,"SFN",130,"NL",1042
"959",1960,"SLN",138,"NL",1042
"960",1960,"WS1",147,"AL",1086
"961",1961,"BAL",149,"AL",1534
"962",1961,"BOS",112,"AL",1534
"963",1961,"CHA",138,"AL",1534
"964",1961,"CHN",176,"NL",1196
"965",1961,"CIN",158,"NL",1196
"966",1961,"CLE",150,"AL",1534
"967",1961,"DET",180,"AL",1534
"968",1961,"KC1",90,"AL",1534
"969",1961,"LAA",189,"AL",1534
"970",1961,"LAN",157,"NL",1196
"971",1961,"MIN",167,"AL",1534
"972",1961,"ML1",188,"NL",1196
"973",1961,"NYA",240,"AL",1534
"974",1961,"PHI",103,"NL",1196
"975",1961,"PIT",128,"NL",1196
"976",1961,"SFN",183,"NL",1196
"977",1961,"SLN",103,"NL",1196
"978",1961,"WS2",119,"AL",1534
"979",1962,"BAL",156,"AL",1552
"980",1962,"BOS",146,"AL",1552
"981",1962,"CHA",92,"AL",1552
"982",1962,"CHN",126,"NL",1449
"983",1962,"CIN",167,"NL",1449
"984",1962,"CLE",180,"AL",1552
"985",1962,"DET",209,"AL",1552
"986",1962,"HOU",105,"NL",1449
"987",1962,"KC1",116,"AL",1552
"988",1962,"LAA",137,"AL",1552
"989",1962,"LAN",140,"NL",1449
"990",1962,"MIN",185,"AL",1552
"991",1962,"ML1",181,"NL",1449
"992",1962,"NYA",199,"AL",1552
"993",1962,"NYN",139,"NL",1449
"994",1962,"PHI",142,"NL",1449
"995",1962,"PIT",108,"NL",1449
"996",1962,"SFN",204,"NL",1449
"997",1962,"SLN",137,"NL",1449
"998",1962,"WS2",132,"AL",1552
"999",1963,"BAL",146,"AL",1489
"1000",1963,"BOS",171,"AL",1489
"1001",1963,"CHA",114,"AL",1489
"1002",1963,"CHN",127,"NL",1215
"1003",1963,"CIN",122,"NL",1215
"1004",1963,"CLE",169,"AL",1489
"1005",1963,"DET",148,"AL",1489
"1006",1963,"HOU",62,"NL",1215
"1007",1963,"KC1",95,"AL",1489
"1008",1963,"LAA",95,"AL",1489
"1009",1963,"LAN",110,"NL",1215
"1010",1963,"MIN",225,"AL",1489
"1011",1963,"ML1",139,"NL",1215
"1012",1963,"NYA",188,"AL",1489
"1013",1963,"NYN",96,"NL",1215
"1014",1963,"PHI",126,"NL",1215
"1015",1963,"PIT",108,"NL",1215
"1016",1963,"SFN",197,"NL",1215
"1017",1963,"SLN",128,"NL",1215
"1018",1963,"WS2",138,"AL",1489
"1019",1964,"BAL",162,"AL",1551
"1020",1964,"BOS",186,"AL",1551
"1021",1964,"CHA",106,"AL",1551
"1022",1964,"CHN",145,"NL",1211
"1023",1964,"CIN",130,"NL",1211
"1024",1964,"CLE",164,"AL",1551
"1025",1964,"DET",157,"AL",1551
"1026",1964,"HOU",70,"NL",1211
"1027",1964,"KC1",166,"AL",1551
"1028",1964,"LAA",102,"AL",1551
"1029",1964,"LAN",79,"NL",1211
"1030",1964,"MIN",221,"AL",1551
"1031",1964,"ML1",159,"NL",1211
"1032",1964,"NYA",162,"AL",1551
"1033",1964,"NYN",103,"NL",1211
"1034",1964,"PHI",130,"NL",1211
"1035",1964,"PIT",121,"NL",1211
"1036",1964,"SFN",165,"NL",1211
"1037",1964,"SLN",109,"NL",1211
"1038",1964,"WS2",125,"AL",1551
"1039",1965,"BAL",125,"AL",1370
"1040",1965,"BOS",165,"AL",1370
"1041",1965,"CAL",92,"AL",1370
"1042",1965,"CHA",125,"AL",1370
"1043",1965,"CHN",134,"NL",1318
"1044",1965,"CIN",183,"NL",1318
"1045",1965,"CLE",156,"AL",1370
"1046",1965,"DET",162,"AL",1370
"1047",1965,"HOU",97,"NL",1318
"1048",1965,"KC1",110,"AL",1370
"1049",1965,"LAN",78,"NL",1318
"1050",1965,"MIN",150,"AL",1370
"1051",1965,"ML1",196,"NL",1318
"1052",1965,"NYA",149,"AL",1370
"1053",1965,"NYN",107,"NL",1318
"1054",1965,"PHI",144,"NL",1318
"1055",1965,"PIT",111,"NL",1318
"1056",1965,"SFN",159,"NL",1318
"1057",1965,"SLN",109,"NL",1318
"1058",1965,"WS2",136,"AL",1370
"1059",1966,"ATL",207,"NL",1378
"1060",1966,"BAL",175,"AL",1365
"1061",1966,"BOS",145,"AL",1365
"1062",1966,"CAL",122,"AL",1365
"1063",1966,"CHA",87,"AL",1365
"1064",1966,"CHN",140,"NL",1378
"1065",1966,"CIN",149,"NL",1378
"1066",1966,"CLE",155,"AL",1365
"1067",1966,"DET",179,"AL",1365
"1068",1966,"HOU",112,"NL",1378
"1069",1966,"KC1",70,"AL",1365
"1070",1966,"LAN",108,"NL",1378
"1071",1966,"MIN",144,"AL",1365
"1072",1966,"NYA",162,"AL",1365
"1073",1966,"NYN",98,"NL",1378
"1074",1966,"PHI",117,"NL",1378
"1075",1966,"PIT",158,"NL",1378
"1076",1966,"SFN",181,"NL",1378
"1077",1966,"SLN",108,"NL",1378
"1078",1966,"WS2",126,"AL",1365
"1079",1967,"ATL",158,"NL",1102
"1080",1967,"BAL",138,"AL",1197
"1081",1967,"BOS",158,"AL",1197
"1082",1967,"CAL",114,"AL",1197
"1083",1967,"CHA",89,"AL",1197
"1084",1967,"CHN",128,"NL",1102
"1085",1967,"CIN",109,"NL",1102
"1086",1967,"CLE",131,"AL",1197
"1087",1967,"DET",152,"AL",1197
"1088",1967,"HOU",93,"NL",1102
"1089",1967,"KC1",69,"AL",1197
"1090",1967,"LAN",82,"NL",1102
"1091",1967,"MIN",131,"AL",1197
"1092",1967,"NYA",100,"AL",1197
"1093",1967,"NYN",83,"NL",1102
"1094",1967,"PHI",103,"NL",1102
"1095",1967,"PIT",91,"NL",1102
"1096",1967,"SFN",140,"NL",1102
"1097",1967,"SLN",115,"NL",1102
"1098",1967,"WS2",115,"AL",1197
"1099",1968,"ATL",80,"NL",891
"1100",1968,"BAL",133,"AL",1104
"1101",1968,"BOS",125,"AL",1104
"1102",1968,"CAL",83,"AL",1104
"1103",1968,"CHA",71,"AL",1104
"1104",1968,"CHN",130,"NL",891
"1105",1968,"CIN",106,"NL",891
"1106",1968,"CLE",75,"AL",1104
"1107",1968,"DET",185,"AL",1104
"1108",1968,"HOU",66,"NL",891
"1109",1968,"LAN",67,"NL",891
"1110",1968,"MIN",105,"AL",1104
"1111",1968,"NYA",109,"AL",1104
"1112",1968,"NYN",81,"NL",891
"1113",1968,"OAK",94,"AL",1104
"1114",1968,"PHI",100,"NL",891
"1115",1968,"PIT",80,"NL",891
"1116",1968,"SFN",108,"NL",891
"1117",1968,"SLN",73,"NL",891
"1118",1968,"WS2",124,"AL",1104
"1119",1969,"ATL",141,"NL",1470
"1120",1969,"BAL",175,"AL",1649
"1121",1969,"BOS",197,"AL",1649
"1122",1969,"CAL",88,"AL",1649
"1123",1969,"CHA",112,"AL",1649
"1124",1969,"CHN",142,"NL",1470
"1125",1969,"CIN",171,"NL",1470
"1126",1969,"CLE",119,"AL",1649
"1127",1969,"DET",182,"AL",1649
"1128",1969,"HOU",104,"NL",1470
"1129",1969,"KCA",98,"AL",1649
"1130",1969,"LAN",97,"NL",1470
"1131",1969,"MIN",163,"AL",1649
"1132",1969,"MON",125,"NL",1470
"1133",1969,"NYA",94,"AL",1649
"1134",1969,"NYN",109,"NL",1470
"1135",1969,"OAK",148,"AL",1649
"1136",1969,"PHI",137,"NL",1470
"1137",1969,"PIT",119,"NL",1470
"1138",1969,"SDN",99,"NL",1470
"1139",1969,"SE1",125,"AL",1649
"1140",1969,"SFN",136,"NL",1470
"1141",1969,"SLN",90,"NL",1470
"1142",1969,"WS2",148,"AL",1649
"1143",1970,"ATL",160,"NL",1683
"1144",1970,"BAL",179,"AL",1746
"1145",1970,"BOS",203,"AL",1746
"1146",1970,"CAL",114,"AL",1746
"1147",1970,"CHA",123,"AL",1746
"1148",1970,"CHN",179,"NL",1683
"1149",1970,"CIN",191,"NL",1683
"1150",1970,"CLE",183,"AL",1746
"1151",1970,"DET",148,"AL",1746
"1152",1970,"HOU",129,"NL",1683
"1153",1970,"KCA",97,"AL",1746
"1154",1970,"LAN",87,"NL",1683
"1155",1970,"MIN",153,"AL",1746
"1156",1970,"ML4",126,"AL",1746
"1157",1970,"MON",136,"NL",1683
"1158",1970,"NYA",111,"AL",1746
"1159",1970,"NYN",120,"NL",1683
"1160",1970,"OAK",171,"AL",1746
"1161",1970,"PHI",101,"NL",1683
"1162",1970,"PIT",130,"NL",1683
"1163",1970,"SDN",172,"NL",1683
"1164",1970,"SFN",165,"NL",1683
"1165",1970,"SLN",113,"NL",1683
"1166",1970,"WS2",138,"AL",1746
"1167",1971,"ATL",153,"NL",1379
"1168",1971,"BAL",158,"AL",1484
"1169",1971,"BOS",161,"AL",1484
"1170",1971,"CAL",96,"AL",1484
"1171",1971,"CHA",138,"AL",1484
"1172",1971,"CHN",128,"NL",1379
"1173",1971,"CIN",138,"NL",1379
"1174",1971,"CLE",109,"AL",1484
"1175",1971,"DET",179,"AL",1484
"1176",1971,"HOU",71,"NL",1379
"1177",1971,"KCA",80,"AL",1484
"1178",1971,"LAN",95,"NL",1379
"1179",1971,"MIN",116,"AL",1484
"1180",1971,"ML4",104,"AL",1484
"1181",1971,"MON",88,"NL",1379
"1182",1971,"NYA",97,"AL",1484
"1183",1971,"NYN",98,"NL",1379
"1184",1971,"OAK",160,"AL",1484
"1185",1971,"PHI",123,"NL",1379
"1186",1971,"PIT",154,"NL",1379
"1187",1971,"SDN",96,"NL",1379
"1188",1971,"SFN",140,"NL",1379
"1189",1971,"SLN",95,"NL",1379
"1190",1971,"WS2",86,"AL",1484
"1191",1972,"ATL",144,"NL",1359
"1192",1972,"BAL",100,"AL",1175
"1193",1972,"BOS",124,"AL",1175
"1194",1972,"CAL",78,"AL",1175
"1195",1972,"CHA",108,"AL",1175
"1196",1972,"CHN",133,"NL",1359
"1197",1972,"CIN",124,"NL",1359
"1198",1972,"CLE",91,"AL",1175
"1199",1972,"DET",122,"AL",1175
"1200",1972,"HOU",134,"NL",1359
"1201",1972,"KCA",78,"AL",1175
"1202",1972,"LAN",98,"NL",1359
"1203",1972,"MIN",93,"AL",1175
"1204",1972,"ML4",88,"AL",1175
"1205",1972,"MON",91,"NL",1359
"1206",1972,"NYA",103,"AL",1175
"1207",1972,"NYN",105,"NL",1359
"1208",1972,"OAK",134,"AL",1175
"1209",1972,"PHI",98,"NL",1359
"1210",1972,"PIT",110,"NL",1359
"1211",1972,"SDN",102,"NL",1359
"1212",1972,"SFN",150,"NL",1359
"1213",1972,"SLN",70,"NL",1359
"1214",1972,"TEX",56,"AL",1175
"1215",1973,"ATL",206,"NL",1550
"1216",1973,"BAL",119,"AL",1552
"1217",1973,"BOS",147,"AL",1552
"1218",1973,"CAL",93,"AL",1552
"1219",1973,"CHA",111,"AL",1552
"1220",1973,"CHN",117,"NL",1550
"1221",1973,"CIN",137,"NL",1550
"1222",1973,"CLE",158,"AL",1552
"1223",1973,"DET",157,"AL",1552
"1224",1973,"HOU",134,"NL",1550
"1225",1973,"KCA",114,"AL",1552
"1226",1973,"LAN",110,"NL",1550
"1227",1973,"MIN",120,"AL",1552
"1228",1973,"ML4",145,"AL",1552
"1229",1973,"MON",125,"NL",1550
"1230",1973,"NYA",131,"AL",1552
"1231",1973,"NYN",85,"NL",1550
"1232",1973,"OAK",147,"AL",1552
"1233",1973,"PHI",134,"NL",1550
"1234",1973,"PIT",154,"NL",1550
"1235",1973,"SDN",112,"NL",1550
"1236",1973,"SFN",161,"NL",1550
"1237",1973,"SLN",75,"NL",1550
"1238",1973,"TEX",110,"AL",1552
"1239",1974,"ATL",120,"NL",1280
"1240",1974,"BAL",116,"AL",1369
"1241",1974,"BOS",109,"AL",1369
"1242",1974,"CAL",95,"AL",1369
"1243",1974,"CHA",135,"AL",1369
"1244",1974,"CHN",110,"NL",1280
"1245",1974,"CIN",135,"NL",1280
"1246",1974,"CLE",131,"AL",1369
"1247",1974,"DET",131,"AL",1369
"1248",1974,"HOU",110,"NL",1280
"1249",1974,"KCA",89,"AL",1369
"1250",1974,"LAN",139,"NL",1280
"1251",1974,"MIN",111,"AL",1369
"1252",1974,"ML4",120,"AL",1369
"1253",1974,"MON",86,"NL",1280
"1254",1974,"NYA",101,"AL",1369
"1255",1974,"NYN",96,"NL",1280
"1256",1974,"OAK",132,"AL",1369
"1257",1974,"PHI",95,"NL",1280
"1258",1974,"PIT",114,"NL",1280
"1259",1974,"SDN",99,"NL",1280
"1260",1974,"SFN",93,"NL",1280
"1261",1974,"SLN",83,"NL",1280
"1262",1974,"TEX",99,"AL",1369
"1263",1975,"ATL",107,"NL",1233
"1264",1975,"BAL",124,"AL",1465
"1265",1975,"BOS",134,"AL",1465
"1266",1975,"CAL",55,"AL",1465
"1267",1975,"CHA",94,"AL",1465
"1268",1975,"CHN",95,"NL",1233
"1269",1975,"CIN",124,"NL",1233
"1270",1975,"CLE",153,"AL",1465
"1271",1975,"DET",125,"AL",1465
"1272",1975,"HOU",84,"NL",1233
"1273",1975,"KCA",118,"AL",1465
"1274",1975,"LAN",118,"NL",1233
"1275",1975,"MIN",121,"AL",1465
"1276",1975,"ML4",146,"AL",1465
"1277",1975,"MON",98,"NL",1233
"1278",1975,"NYA",110,"AL",1465
"1279",1975,"NYN",101,"NL",1233
"1280",1975,"OAK",151,"AL",1465
"1281",1975,"PHI",125,"NL",1233
"1282",1975,"PIT",138,"NL",1233
"1283",1975,"SDN",78,"NL",1233
"1284",1975,"SFN",84,"NL",1233
"1285",1975,"SLN",81,"NL",1233
"1286",1975,"TEX",134,"AL",1465
"1287",1976,"ATL",82,"NL",1113
"1288",1976,"BAL",119,"AL",1122
"1289",1976,"BOS",134,"AL",1122
"1290",1976,"CAL",63,"AL",1122
"1291",1976,"CHA",73,"AL",1122
"1292",1976,"CHN",105,"NL",1113
"1293",1976,"CIN",141,"NL",1113
"1294",1976,"CLE",85,"AL",1122
"1295",1976,"DET",101,"AL",1122
"1296",1976,"HOU",66,"NL",1113
"1297",1976,"KCA",65,"AL",1122
"1298",1976,"LAN",91,"NL",1113
"1299",1976,"MIN",81,"AL",1122
"1300",1976,"ML4",88,"AL",1122
"1301",1976,"MON",94,"NL",1113
"1302",1976,"NYA",120,"AL",1122
"1303",1976,"NYN",102,"NL",1113
"1304",1976,"OAK",113,"AL",1122
"1305",1976,"PHI",110,"NL",1113
"1306",1976,"PIT",110,"NL",1113
"1307",1976,"SDN",64,"NL",1113
"1308",1976,"SFN",85,"NL",1113
"1309",1976,"SLN",63,"NL",1113
"1310",1976,"TEX",80,"AL",1122
"1311",1977,"ATL",139,"NL",1631
"1312",1977,"BAL",148,"AL",2013
"1313",1977,"BOS",213,"AL",2013
"1314",1977,"CAL",131,"AL",2013
"1315",1977,"CHA",192,"AL",2013
"1316",1977,"CHN",111,"NL",1631
"1317",1977,"CIN",181,"NL",1631
"1318",1977,"CLE",100,"AL",2013
"1319",1977,"DET",166,"AL",2013
"1320",1977,"HOU",114,"NL",1631
"1321",1977,"KCA",146,"AL",2013
"1322",1977,"LAN",191,"NL",1631
"1323",1977,"MIN",123,"AL",2013
"1324",1977,"ML4",125,"AL",2013
"1325",1977,"MON",138,"NL",1631
"1326",1977,"NYA",184,"AL",2013
"1327",1977,"NYN",88,"NL",1631
"1328",1977,"OAK",117,"AL",2013
"1329",1977,"PHI",186,"NL",1631
"1330",1977,"PIT",133,"NL",1631
"1331",1977,"SDN",120,"NL",1631
"1332",1977,"SEA",133,"AL",2013
"1333",1977,"SFN",134,"NL",1631
"1334",1977,"SLN",96,"NL",1631
"1335",1977,"TEX",135,"AL",2013
"1336",1977,"TOR",100,"AL",2013
"1337",1978,"ATL",123,"NL",1276
"1338",1978,"BAL",154,"AL",1680
"1339",1978,"BOS",172,"AL",1680
"1340",1978,"CAL",108,"AL",1680
"1341",1978,"CHA",106,"AL",1680
"1342",1978,"CHN",72,"NL",1276
"1343",1978,"CIN",136,"NL",1276
"1344",1978,"CLE",106,"AL",1680
"1345",1978,"DET",129,"AL",1680
"1346",1978,"HOU",70,"NL",1276
"1347",1978,"KCA",98,"AL",1680
"1348",1978,"LAN",149,"NL",1276
"1349",1978,"MIN",82,"AL",1680
"1350",1978,"ML4",173,"AL",1680
"1351",1978,"MON",121,"NL",1276
"1352",1978,"NYA",125,"AL",1680
"1353",1978,"NYN",86,"NL",1276
"1354",1978,"OAK",100,"AL",1680
"1355",1978,"PHI",133,"NL",1276
"1356",1978,"PIT",115,"NL",1276
"1357",1978,"SDN",75,"NL",1276
"1358",1978,"SEA",97,"AL",1680
"1359",1978,"SFN",117,"NL",1276
"1360",1978,"SLN",79,"NL",1276
"1361",1978,"TEX",132,"AL",1680
"1362",1978,"TOR",98,"AL",1680
"1363",1979,"ATL",126,"NL",1427
"1364",1979,"BAL",181,"AL",2006
"1365",1979,"BOS",194,"AL",2006
"1366",1979,"CAL",164,"AL",2006
"1367",1979,"CHA",127,"AL",2006
"1368",1979,"CHN",135,"NL",1427
"1369",1979,"CIN",132,"NL",1427
"1370",1979,"CLE",138,"AL",2006
"1371",1979,"DET",164,"AL",2006
"1372",1979,"HOU",49,"NL",1427
"1373",1979,"KCA",116,"AL",2006
"1374",1979,"LAN",183,"NL",1427
"1375",1979,"MIN",112,"AL",2006
"1376",1979,"ML4",185,"AL",2006
"1377",1979,"MON",143,"NL",1427
"1378",1979,"NYA",150,"AL",2006
"1379",1979,"NYN",74,"NL",1427
"1380",1979,"OAK",108,"AL",2006
"1381",1979,"PHI",119,"NL",1427
"1382",1979,"PIT",148,"NL",1427
"1383",1979,"SDN",93,"NL",1427
"1384",1979,"SEA",132,"AL",2006
"1385",1979,"SFN",125,"NL",1427
"1386",1979,"SLN",100,"NL",1427
"1387",1979,"TEX",140,"AL",2006
"1388",1979,"TOR",95,"AL",2006
"1389",1980,"ATL",144,"NL",1243
"1390",1980,"BAL",156,"AL",1844
"1391",1980,"BOS",162,"AL",1844
"1392",1980,"CAL",106,"AL",1844
"1393",1980,"CHA",91,"AL",1844
"1394",1980,"CHN",107,"NL",1243
"1395",1980,"CIN",113,"NL",1243
"1396",1980,"CLE",89,"AL",1844
"1397",1980,"DET",143,"AL",1844
"1398",1980,"HOU",75,"NL",1243
"1399",1980,"KCA",115,"AL",1844
"1400",1980,"LAN",148,"NL",1243
"1401",1980,"MIN",99,"AL",1844
"1402",1980,"ML4",203,"AL",1844
"1403",1980,"MON",114,"NL",1243
"1404",1980,"NYA",189,"AL",1844
"1405",1980,"NYN",61,"NL",1243
"1406",1980,"OAK",137,"AL",1844
"1407",1980,"PHI",117,"NL",1243
"1408",1980,"PIT",116,"NL",1243
"1409",1980,"SDN",67,"NL",1243
"1410",1980,"SEA",104,"AL",1844
"1411",1980,"SFN",80,"NL",1243
"1412",1980,"SLN",101,"NL",1243
"1413",1980,"TEX",124,"AL",1844
"1414",1980,"TOR",126,"AL",1844
"1415",1981,"ATL",64,"NL",719
"1416",1981,"BAL",88,"AL",1062
"1417",1981,"BOS",90,"AL",1062
"1418",1981,"CAL",97,"AL",1062
"1419",1981,"CHA",76,"AL",1062
"1420",1981,"CHN",57,"NL",719
"1421",1981,"CIN",64,"NL",719
"1422",1981,"CLE",39,"AL",1062
"1423",1981,"DET",65,"AL",1062
"1424",1981,"HOU",45,"NL",719
"1425",1981,"KCA",61,"AL",1062
"1426",1981,"LAN",82,"NL",719
"1427",1981,"MIN",47,"AL",1062
"1428",1981,"ML4",96,"AL",1062
"1429",1981,"MON",81,"NL",719
"1430",1981,"NYA",100,"AL",1062
"1431",1981,"NYN",57,"NL",719
"1432",1981,"OAK",104,"AL",1062
"1433",1981,"PHI",69,"NL",719
"1434",1981,"PIT",55,"NL",719
"1435",1981,"SDN",32,"NL",719
"1436",1981,"SEA",89,"AL",1062
"1437",1981,"SFN",63,"NL",719
"1438",1981,"SLN",50,"NL",719
"1439",1981,"TEX",49,"AL",1062
"1440",1981,"TOR",61,"AL",1062
"1441",1982,"ATL",146,"NL",1299
"1442",1982,"BAL",179,"AL",2080
"1443",1982,"BOS",136,"AL",2080
"1444",1982,"CAL",186,"AL",2080
"1445",1982,"CHA",136,"AL",2080
"1446",1982,"CHN",102,"NL",1299
"1447",1982,"CIN",82,"NL",1299
"1448",1982,"CLE",109,"AL",2080
"1449",1982,"DET",177,"AL",2080
"1450",1982,"HOU",74,"NL",1299
"1451",1982,"KCA",132,"AL",2080
"1452",1982,"LAN",138,"NL",1299
"1453",1982,"MIN",148,"AL",2080
"1454",1982,"ML4",216,"AL",2080
"1455",1982,"MON",133,"NL",1299
"1456",1982,"NYA",161,"AL",2080
"1457",1982,"NYN",97,"NL",1299
"1458",1982,"OAK",149,"AL",2080
"1459",1982,"PHI",112,"NL",1299
"1460",1982,"PIT",134,"NL",1299
"1461",1982,"SDN",81,"NL",1299
"1462",1982,"SEA",130,"AL",2080
"1463",1982,"SFN",133,"NL",1299
"1464",1982,"SLN",67,"NL",1299
"1465",1982,"TEX",115,"AL",2080
"1466",1982,"TOR",106,"AL",2080
"1467",1983,"ATL",130,"NL",1398
"1468",1983,"BAL",168,"AL",1903
"1469",1983,"BOS",142,"AL",1903
"1470",1983,"CAL",154,"AL",1903
"1471",1983,"CHA",157,"AL",1903
"1472",1983,"CHN",140,"NL",1398
"1473",1983,"CIN",107,"NL",1398
"1474",1983,"CLE",86,"AL",1903
"1475",1983,"DET",156,"AL",1903
"1476",1983,"HOU",97,"NL",1398
"1477",1983,"KCA",109,"AL",1903
"1478",1983,"LAN",146,"NL",1398
"1479",1983,"MIN",141,"AL",1903
"1480",1983,"ML4",132,"AL",1903
"1481",1983,"MON",102,"NL",1398
"1482",1983,"NYA",153,"AL",1903
"1483",1983,"NYN",112,"NL",1398
"1484",1983,"OAK",121,"AL",1903
"1485",1983,"PHI",125,"NL",1398
"1486",1983,"PIT",121,"NL",1398
"1487",1983,"SDN",93,"NL",1398
"1488",1983,"SEA",111,"AL",1903
"1489",1983,"SFN",142,"NL",1398
"1490",1983,"SLN",83,"NL",1398
"1491",1983,"TEX",106,"AL",1903
"1492",1983,"TOR",167,"AL",1903
"1493",1984,"ATL",111,"NL",1278
"1494",1984,"BAL",160,"AL",1980
"1495",1984,"BOS",181,"AL",1980
"1496",1984,"CAL",150,"AL",1980
"1497",1984,"CHA",172,"AL",1980
"1498",1984,"CHN",136,"NL",1278
"1499",1984,"CIN",106,"NL",1278
"1500",1984,"CLE",123,"AL",1980
"1501",1984,"DET",187,"AL",1980
"1502",1984,"HOU",79,"NL",1278
"1503",1984,"KCA",117,"AL",1980
"1504",1984,"LAN",102,"NL",1278
"1505",1984,"MIN",114,"AL",1980
"1506",1984,"ML4",96,"AL",1980
"1507",1984,"MON",96,"NL",1278
"1508",1984,"NYA",130,"AL",1980
"1509",1984,"NYN",107,"NL",1278
"1510",1984,"OAK",158,"AL",1980
"1511",1984,"PHI",147,"NL",1278
"1512",1984,"PIT",98,"NL",1278
"1513",1984,"SDN",109,"NL",1278
"1514",1984,"SEA",129,"AL",1980
"1515",1984,"SFN",112,"NL",1278
"1516",1984,"SLN",75,"NL",1278
"1517",1984,"TEX",120,"AL",1980
"1518",1984,"TOR",143,"AL",1980
"1519",1985,"ATL",126,"NL",1424
"1520",1985,"BAL",214,"AL",2178
"1521",1985,"BOS",162,"AL",2178
"1522",1985,"CAL",153,"AL",2178
"1523",1985,"CHA",146,"AL",2178
"1524",1985,"CHN",150,"NL",1424
"1525",1985,"CIN",114,"NL",1424
"1526",1985,"CLE",116,"AL",2178
"1527",1985,"DET",202,"AL",2178
"1528",1985,"HOU",121,"NL",1424
"1529",1985,"KCA",154,"AL",2178
"1530",1985,"LAN",129,"NL",1424
"1531",1985,"MIN",141,"AL",2178
"1532",1985,"ML4",101,"AL",2178
"1533",1985,"MON",118,"NL",1424
"1534",1985,"NYA",176,"AL",2178
"1535",1985,"NYN",134,"NL",1424
"1536",1985,"OAK",155,"AL",2178
"1537",1985,"PHI",141,"NL",1424
"1538",1985,"PIT",80,"NL",1424
"1539",1985,"SDN",109,"NL",1424
"1540",1985,"SEA",171,"AL",2178
"1541",1985,"SFN",115,"NL",1424
"1542",1985,"SLN",87,"NL",1424
"1543",1985,"TEX",129,"AL",2178
"1544",1985,"TOR",158,"AL",2178
"1545",1986,"ATL",138,"NL",1523
"1546",1986,"BAL",169,"AL",2290
"1547",1986,"BOS",144,"AL",2290
"1548",1986,"CAL",167,"AL",2290
"1549",1986,"CHA",121,"AL",2290
"1550",1986,"CHN",155,"NL",1523
"1551",1986,"CIN",144,"NL",1523
"1552",1986,"CLE",157,"AL",2290
"1553",1986,"DET",198,"AL",2290
"1554",1986,"HOU",125,"NL",1523
"1555",1986,"KCA",137,"AL",2290
"1556",1986,"LAN",130,"NL",1523
"1557",1986,"MIN",196,"AL",2290
"1558",1986,"ML4",127,"AL",2290
"1559",1986,"MON",110,"NL",1523
"1560",1986,"NYA",188,"AL",2290
"1561",1986,"NYN",148,"NL",1523
"1562",1986,"OAK",163,"AL",2290
"1563",1986,"PHI",154,"NL",1523
"1564",1986,"PIT",111,"NL",1523
"1565",1986,"SDN",136,"NL",1523
"1566",1986,"SEA",158,"AL",2290
"1567",1986,"SFN",114,"NL",1523
"1568",1986,"SLN",58,"NL",1523
"1569",1986,"TEX",184,"AL",2290
"1570",1986,"TOR",181,"AL",2290
"1571",1987,"ATL",152,"NL",1824
"1572",1987,"BAL",211,"AL",2634
"1573",1987,"BOS",174,"AL",2634
"1574",1987,"CAL",172,"AL",2634
"1575",1987,"CHA",173,"AL",2634
"1576",1987,"CHN",209,"NL",1824
"1577",1987,"CIN",192,"NL",1824
"1578",1987,"CLE",187,"AL",2634
"1579",1987,"DET",225,"AL",2634
"1580",1987,"HOU",122,"NL",1824
"1581",1987,"KCA",168,"AL",2634
"1582",1987,"LAN",125,"NL",1824
"1583",1987,"MIN",196,"AL",2634
"1584",1987,"ML4",163,"AL",2634
"1585",1987,"MON",120,"NL",1824
"1586",1987,"NYA",196,"AL",2634
"1587",1987,"NYN",192,"NL",1824
"1588",1987,"OAK",199,"AL",2634
"1589",1987,"PHI",169,"NL",1824
"1590",1987,"PIT",131,"NL",1824
"1591",1987,"SDN",113,"NL",1824
"1592",1987,"SEA",161,"AL",2634
"1593",1987,"SFN",205,"NL",1824
"1594",1987,"SLN",94,"NL",1824
"1595",1987,"TEX",194,"AL",2634
"1596",1987,"TOR",215,"AL",2634
"1597",1988,"ATL",96,"NL",1279
"1598",1988,"BAL",137,"AL",1901
"1599",1988,"BOS",124,"AL",1901
"1600",1988,"CAL",124,"AL",1901
"1601",1988,"CHA",132,"AL",1901
"1602",1988,"CHN",113,"NL",1279
"1603",1988,"CIN",122,"NL",1279
"1604",1988,"CLE",134,"AL",1901
"1605",1988,"DET",143,"AL",1901
"1606",1988,"HOU",96,"NL",1279
"1607",1988,"KCA",121,"AL",1901
"1608",1988,"LAN",99,"NL",1279
"1609",1988,"MIN",151,"AL",1901
"1610",1988,"ML4",113,"AL",1901
"1611",1988,"MON",107,"NL",1279
"1612",1988,"NYA",148,"AL",1901
"1613",1988,"NYN",152,"NL",1279
"1614",1988,"OAK",156,"AL",1901
"1615",1988,"PHI",106,"NL",1279
"1616",1988,"PIT",110,"NL",1279
"1617",1988,"SDN",94,"NL",1279
"1618",1988,"SEA",148,"AL",1901
"1619",1988,"SFN",113,"NL",1279
"1620",1988,"SLN",71,"NL",1279
"1621",1988,"TEX",112,"AL",1901
"1622",1988,"TOR",158,"AL",1901
"1623",1989,"ATL",128,"NL",1365
"1624",1989,"BAL",129,"AL",1718
"1625",1989,"BOS",108,"AL",1718
"1626",1989,"CAL",145,"AL",1718
"1627",1989,"CHA",94,"AL",1718
"1628",1989,"CHN",124,"NL",1365
"1629",1989,"CIN",128,"NL",1365
"1630",1989,"CLE",127,"AL",1718
"1631",1989,"DET",116,"AL",1718
"1632",1989,"HOU",97,"NL",1365
"1633",1989,"KCA",101,"AL",1718
"1634",1989,"LAN",89,"NL",1365
"1635",1989,"MIN",117,"AL",1718
"1636",1989,"ML4",126,"AL",1718
"1637",1989,"MON",100,"NL",1365
"1638",1989,"NYA",130,"AL",1718
"1639",1989,"NYN",147,"NL",1365
"1640",1989,"OAK",127,"AL",1718
"1641",1989,"PHI",123,"NL",1365
"1642",1989,"PIT",95,"NL",1365
"1643",1989,"SDN",120,"NL",1365
"1644",1989,"SEA",134,"AL",1718
"1645",1989,"SFN",141,"NL",1365
"1646",1989,"SLN",73,"NL",1365
"1647",1989,"TEX",122,"AL",1718
"1648",1989,"TOR",142,"AL",1718
"1649",1990,"ATL",162,"NL",1521
"1650",1990,"BAL",132,"AL",1796
"1651",1990,"BOS",106,"AL",1796
"1652",1990,"CAL",147,"AL",1796
"1653",1990,"CHA",106,"AL",1796
"1654",1990,"CHN",136,"NL",1521
"1655",1990,"CIN",125,"NL",1521
"1656",1990,"CLE",110,"AL",1796
"1657",1990,"DET",172,"AL",1796
"1658",1990,"HOU",94,"NL",1521
"1659",1990,"KCA",100,"AL",1796
"1660",1990,"LAN",129,"NL",1521
"1661",1990,"MIN",100,"AL",1796
"1662",1990,"ML4",128,"AL",1796
"1663",1990,"MON",114,"NL",1521
"1664",1990,"NYA",147,"AL",1796
"1665",1990,"NYN",172,"NL",1521
"1666",1990,"OAK",164,"AL",1796
"1667",1990,"PHI",103,"NL",1521
"1668",1990,"PIT",138,"NL",1521
"1669",1990,"SDN",123,"NL",1521
"1670",1990,"SEA",107,"AL",1796
"1671",1990,"SFN",152,"NL",1521
"1672",1990,"SLN",73,"NL",1521
"1673",1990,"TEX",110,"AL",1796
"1674",1990,"TOR",167,"AL",1796
"1675",1991,"ATL",141,"NL",1430
"1676",1991,"BAL",170,"AL",1953
"1677",1991,"BOS",126,"AL",1953
"1678",1991,"CAL",115,"AL",1953
"1679",1991,"CHA",139,"AL",1953
"1680",1991,"CHN",159,"NL",1430
"1681",1991,"CIN",164,"NL",1430
"1682",1991,"CLE",79,"AL",1953
"1683",1991,"DET",209,"AL",1953
"1684",1991,"HOU",79,"NL",1430
"1685",1991,"KCA",117,"AL",1953
"1686",1991,"LAN",108,"NL",1430
"1687",1991,"MIN",140,"AL",1953
"1688",1991,"ML4",116,"AL",1953
"1689",1991,"MON",95,"NL",1430
"1690",1991,"NYA",147,"AL",1953
"1691",1991,"NYN",117,"NL",1430
"1692",1991,"OAK",159,"AL",1953
"1693",1991,"PHI",111,"NL",1430
"1694",1991,"PIT",126,"NL",1430
"1695",1991,"SDN",121,"NL",1430
"1696",1991,"SEA",126,"AL",1953
"1697",1991,"SFN",141,"NL",1430
"1698",1991,"SLN",68,"NL",1430
"1699",1991,"TEX",177,"AL",1953
"1700",1991,"TOR",133,"AL",1953
"1701",1992,"ATL",138,"NL",1262
"1702",1992,"BAL",148,"AL",1776
"1703",1992,"BOS",84,"AL",1776
"1704",1992,"CAL",88,"AL",1776
"1705",1992,"CHA",110,"AL",1776
"1706",1992,"CHN",104,"NL",1262
"1707",1992,"CIN",99,"NL",1262
"1708",1992,"CLE",127,"AL",1776
"1709",1992,"DET",182,"AL",1776
"1710",1992,"HOU",96,"NL",1262
"1711",1992,"KCA",75,"AL",1776
"1712",1992,"LAN",72,"NL",1262
"1713",1992,"MIN",104,"AL",1776
"1714",1992,"ML4",82,"AL",1776
"1715",1992,"MON",102,"NL",1262
"1716",1992,"NYA",163,"AL",1776
"1717",1992,"NYN",93,"NL",1262
"1718",1992,"OAK",142,"AL",1776
"1719",1992,"PHI",118,"NL",1262
"1720",1992,"PIT",106,"NL",1262
"1721",1992,"SDN",135,"NL",1262
"1722",1992,"SEA",149,"AL",1776
"1723",1992,"SFN",105,"NL",1262
"1724",1992,"SLN",94,"NL",1262
"1725",1992,"TEX",159,"AL",1776
"1726",1992,"TOR",163,"AL",1776
"1727",1993,"ATL",169,"NL",1956
"1728",1993,"BAL",157,"AL",2074
"1729",1993,"BOS",114,"AL",2074
"1730",1993,"CAL",114,"AL",2074
"1731",1993,"CHA",162,"AL",2074
"1732",1993,"CHN",161,"NL",1956
"1733",1993,"CIN",137,"NL",1956
"1734",1993,"CLE",141,"AL",2074
"1735",1993,"COL",142,"NL",1956
"1736",1993,"DET",178,"AL",2074
"1737",1993,"FLO",94,"NL",1956
"1738",1993,"HOU",138,"NL",1956
"1739",1993,"KCA",125,"AL",2074
"1740",1993,"LAN",130,"NL",1956
"1741",1993,"MIN",121,"AL",2074
"1742",1993,"ML4",125,"AL",2074
"1743",1993,"MON",122,"NL",1956
"1744",1993,"NYA",178,"AL",2074
"1745",1993,"NYN",158,"NL",1956
"1746",1993,"OAK",158,"AL",2074
"1747",1993,"PHI",156,"NL",1956
"1748",1993,"PIT",110,"NL",1956
"1749",1993,"SDN",153,"NL",1956
"1750",1993,"SEA",161,"AL",2074
"1751",1993,"SFN",168,"NL",1956
"1752",1993,"SLN",118,"NL",1956
"1753",1993,"TEX",181,"AL",2074
"1754",1993,"TOR",159,"AL",2074
"1755",1994,"ATL",137,"NL",1532
"1756",1994,"BAL",139,"AL",1774
"1757",1994,"BOS",120,"AL",1774
"1758",1994,"CAL",120,"AL",1774
"1759",1994,"CHA",121,"AL",1774
"1760",1994,"CHN",109,"NL",1532
"1761",1994,"CIN",124,"NL",1532
"1762",1994,"CLE",167,"AL",1774
"1763",1994,"COL",125,"NL",1532
"1764",1994,"DET",161,"AL",1774
"1765",1994,"FLO",94,"NL",1532
"1766",1994,"HOU",120,"NL",1532
"1767",1994,"KCA",100,"AL",1774
"1768",1994,"LAN",115,"NL",1532
"1769",1994,"MIN",103,"AL",1774
"1770",1994,"ML4",99,"AL",1774
"1771",1994,"MON",108,"NL",1532
"1772",1994,"NYA",139,"AL",1774
"1773",1994,"NYN",117,"NL",1532
"1774",1994,"OAK",113,"AL",1774
"1775",1994,"PHI",80,"NL",1532
"1776",1994,"PIT",80,"NL",1532
"1777",1994,"SDN",92,"NL",1532
"1778",1994,"SEA",153,"AL",1774
"1779",1994,"SFN",123,"NL",1532
"1780",1994,"SLN",108,"NL",1532
"1781",1994,"TEX",124,"AL",1774
"1782",1994,"TOR",115,"AL",1774
"1783",1995,"ATL",168,"NL",1917
"1784",1995,"BAL",173,"AL",2164
"1785",1995,"BOS",175,"AL",2164
"1786",1995,"CAL",186,"AL",2164
"1787",1995,"CHA",146,"AL",2164
"1788",1995,"CHN",158,"NL",1917
"1789",1995,"CIN",161,"NL",1917
"1790",1995,"CLE",207,"AL",2164
"1791",1995,"COL",200,"NL",1917
"1792",1995,"DET",159,"AL",2164
"1793",1995,"FLO",144,"NL",1917
"1794",1995,"HOU",109,"NL",1917
"1795",1995,"KCA",119,"AL",2164
"1796",1995,"LAN",140,"NL",1917
"1797",1995,"MIN",120,"AL",2164
"1798",1995,"ML4",128,"AL",2164
"1799",1995,"MON",118,"NL",1917
"1800",1995,"NYA",122,"AL",2164
"1801",1995,"NYN",125,"NL",1917
"1802",1995,"OAK",169,"AL",2164
"1803",1995,"PHI",94,"NL",1917
"1804",1995,"PIT",125,"NL",1917
"1805",1995,"SDN",116,"NL",1917
"1806",1995,"SEA",182,"AL",2164
"1807",1995,"SFN",152,"NL",1917
"1808",1995,"SLN",107,"NL",1917
"1809",1995,"TEX",138,"AL",2164
"1810",1995,"TOR",140,"AL",2164
"1811",1996,"ATL",197,"NL",2220
"1812",1996,"BAL",257,"AL",2742
"1813",1996,"BOS",209,"AL",2742
"1814",1996,"CAL",192,"AL",2742
"1815",1996,"CHA",195,"AL",2742
"1816",1996,"CHN",175,"NL",2220
"1817",1996,"CIN",191,"NL",2220
"1818",1996,"CLE",218,"AL",2742
"1819",1996,"COL",221,"NL",2220
"1820",1996,"DET",204,"AL",2742
"1821",1996,"FLO",150,"NL",2220
"1822",1996,"HOU",129,"NL",2220
"1823",1996,"KCA",123,"AL",2742
"1824",1996,"LAN",150,"NL",2220
"1825",1996,"MIN",118,"AL",2742
"1826",1996,"ML4",178,"AL",2742
"1827",1996,"MON",148,"NL",2220
"1828",1996,"NYA",162,"AL",2742
"1829",1996,"NYN",147,"NL",2220
"1830",1996,"OAK",243,"AL",2742
"1831",1996,"PHI",132,"NL",2220
"1832",1996,"PIT",138,"NL",2220
"1833",1996,"SDN",147,"NL",2220
"1834",1996,"SEA",245,"AL",2742
"1835",1996,"SFN",153,"NL",2220
"1836",1996,"SLN",142,"NL",2220
"1837",1996,"TEX",221,"AL",2742
"1838",1996,"TOR",177,"AL",2742
"1839",1997,"ANA",161,"AL",2477
"1840",1997,"ATL",174,"NL",2163
"1841",1997,"BAL",196,"AL",2477
"1842",1997,"BOS",185,"AL",2477
"1843",1997,"CHA",158,"AL",2477
"1844",1997,"CHN",127,"NL",2163
"1845",1997,"CIN",142,"NL",2163
"1846",1997,"CLE",220,"AL",2477
"1847",1997,"COL",239,"NL",2163
"1848",1997,"DET",176,"AL",2477
"1849",1997,"FLO",136,"NL",2163
"1850",1997,"HOU",133,"NL",2163
"1851",1997,"KCA",158,"AL",2477
"1852",1997,"LAN",174,"NL",2163
"1853",1997,"MIN",132,"AL",2477
"1854",1997,"ML4",135,"AL",2477
"1855",1997,"MON",172,"NL",2163
"1856",1997,"NYA",161,"AL",2477
"1857",1997,"NYN",153,"NL",2163
"1858",1997,"OAK",197,"AL",2477
"1859",1997,"PHI",116,"NL",2163
"1860",1997,"PIT",129,"NL",2163
"1861",1997,"SDN",152,"NL",2163
"1862",1997,"SEA",264,"AL",2477
"1863",1997,"SFN",172,"NL",2163
"1864",1997,"SLN",144,"NL",2163
"1865",1997,"TEX",187,"AL",2477
"1866",1997,"TOR",147,"AL",2477
"1867",1998,"ANA",147,"AL",2499
"1868",1998,"ARI",159,"NL",2565
"1869",1998,"ATL",215,"NL",2565
"1870",1998,"BAL",214,"AL",2499
"1871",1998,"BOS",205,"AL",2499
"1872",1998,"CHA",198,"AL",2499
"1873",1998,"CHN",212,"NL",2565
"1874",1998,"CIN",138,"NL",2565
"1875",1998,"CLE",198,"AL",2499
"1876",1998,"COL",183,"NL",2565
"1877",1998,"DET",165,"AL",2499
"1878",1998,"FLO",114,"NL",2565
"1879",1998,"HOU",166,"NL",2565
"1880",1998,"KCA",134,"AL",2499
"1881",1998,"LAN",159,"NL",2565
"1882",1998,"MIL",152,"NL",2565
"1883",1998,"MIN",115,"AL",2499
"1884",1998,"MON",147,"NL",2565
"1885",1998,"NYA",207,"AL",2499
"1886",1998,"NYN",136,"NL",2565
"1887",1998,"OAK",149,"AL",2499
"1888",1998,"PHI",126,"NL",2565
"1889",1998,"PIT",107,"NL",2565
"1890",1998,"SDN",167,"NL",2565
"1891",1998,"SEA",234,"AL",2499
"1892",1998,"SFN",161,"NL",2565
"1893",1998,"SLN",223,"NL",2565
"1894",1998,"TBA",111,"AL",2499
"1895",1998,"TEX",201,"AL",2499
"1896",1998,"TOR",221,"AL",2499
"1897",1999,"ANA",158,"AL",2635
"1898",1999,"ARI",216,"NL",2893
"1899",1999,"ATL",197,"NL",2893
"1900",1999,"BAL",203,"AL",2635
"1901",1999,"BOS",176,"AL",2635
"1902",1999,"CHA",162,"AL",2635
"1903",1999,"CHN",189,"NL",2893
"1904",1999,"CIN",209,"NL",2893
"1905",1999,"CLE",209,"AL",2635
"1906",1999,"COL",223,"NL",2893
"1907",1999,"DET",212,"AL",2635
"1908",1999,"FLO",128,"NL",2893
"1909",1999,"HOU",168,"NL",2893
"1910",1999,"KCA",151,"AL",2635
"1911",1999,"LAN",187,"NL",2893
"1912",1999,"MIL",165,"NL",2893
"1913",1999,"MIN",105,"AL",2635
"1914",1999,"MON",163,"NL",2893
"1915",1999,"NYA",193,"AL",2635
"1916",1999,"NYN",181,"NL",2893
"1917",1999,"OAK",235,"AL",2635
"1918",1999,"PHI",161,"NL",2893
"1919",1999,"PIT",171,"NL",2893
"1920",1999,"SDN",153,"NL",2893
"1921",1999,"SEA",244,"AL",2635
"1922",1999,"SFN",188,"NL",2893
"1923",1999,"SLN",194,"NL",2893
"1924",1999,"TBA",145,"AL",2635
"1925",1999,"TEX",230,"AL",2635
"1926",1999,"TOR",212,"AL",2635
"1927",2000,"ANA",236,"AL",2688
"1928",2000,"ARI",179,"NL",3005
"1929",2000,"ATL",179,"NL",3005
"1930",2000,"BAL",184,"AL",2688
"1931",2000,"BOS",167,"AL",2688
"1932",2000,"CHA",216,"AL",2688
"1933",2000,"CHN",183,"NL",3005
"1934",2000,"CIN",200,"NL",3005
"1935",2000,"CLE",221,"AL",2688
"1936",2000,"COL",161,"NL",3005
"1937",2000,"DET",177,"AL",2688
"1938",2000,"FLO",160,"NL",3005
"1939",2000,"HOU",249,"NL",3005
"1940",2000,"KCA",150,"AL",2688
"1941",2000,"LAN",211,"NL",3005
"1942",2000,"MIL",177,"NL",3005
"1943",2000,"MIN",116,"AL",2688
"1944",2000,"MON",178,"NL",3005
"1945",2000,"NYA",205,"AL",2688
"1946",2000,"NYN",198,"NL",3005
"1947",2000,"OAK",239,"AL",2688
"1948",2000,"PHI",144,"NL",3005
"1949",2000,"PIT",168,"NL",3005
"1950",2000,"SDN",157,"NL",3005
"1951",2000,"SEA",198,"AL",2688
"1952",2000,"SFN",226,"NL",3005
"1953",2000,"SLN",235,"NL",3005
"1954",2000,"TBA",162,"AL",2688
"1955",2000,"TEX",173,"AL",2688
"1956",2000,"TOR",244,"AL",2688
"1957",2001,"ANA",158,"AL",2506
"1958",2001,"ARI",208,"NL",2952
"1959",2001,"ATL",174,"NL",2952
"1960",2001,"BAL",136,"AL",2506
"1961",2001,"BOS",198,"AL",2506
"1962",2001,"CHA",214,"AL",2506
"1963",2001,"CHN",194,"NL",2952
"1964",2001,"CIN",176,"NL",2952
"1965",2001,"CLE",212,"AL",2506
"1966",2001,"COL",213,"NL",2952
"1967",2001,"DET",139,"AL",2506
"1968",2001,"FLO",166,"NL",2952
"1969",2001,"HOU",208,"NL",2952
"1970",2001,"KCA",152,"AL",2506
"1971",2001,"LAN",206,"NL",2952
"1972",2001,"MIL",209,"NL",2952
"1973",2001,"MIN",164,"AL",2506
"1974",2001,"MON",131,"NL",2952
"1975",2001,"NYA",203,"AL",2506
"1976",2001,"NYN",147,"NL",2952
"1977",2001,"OAK",199,"AL",2506
"1978",2001,"PHI",164,"NL",2952
"1979",2001,"PIT",161,"NL",2952
"1980",2001,"SDN",161,"NL",2952
"1981",2001,"SEA",169,"AL",2506
"1982",2001,"SFN",235,"NL",2952
"1983",2001,"SLN",199,"NL",2952
"1984",2001,"TBA",121,"AL",2506
"1985",2001,"TEX",246,"AL",2506
"1986",2001,"TOR",195,"AL",2506
"1987",2002,"ANA",152,"AL",2464
"1988",2002,"ARI",165,"NL",2595
"1989",2002,"ATL",164,"NL",2595
"1990",2002,"BAL",165,"AL",2464
"1991",2002,"BOS",177,"AL",2464
"1992",2002,"CHA",217,"AL",2464
"1993",2002,"CHN",200,"NL",2595
"1994",2002,"CIN",169,"NL",2595
"1995",2002,"CLE",192,"AL",2464
"1996",2002,"COL",152,"NL",2595
"1997",2002,"DET",124,"AL",2464
"1998",2002,"FLO",146,"NL",2595
"1999",2002,"HOU",167,"NL",2595
"2000",2002,"KCA",140,"AL",2464
"2001",2002,"LAN",155,"NL",2595
"2002",2002,"MIL",139,"NL",2595
"2003",2002,"MIN",167,"AL",2464
"2004",2002,"MON",162,"NL",2595
"2005",2002,"NYA",223,"AL",2464
"2006",2002,"NYN",160,"NL",2595
"2007",2002,"OAK",205,"AL",2464
"2008",2002,"PHI",165,"NL",2595
"2009",2002,"PIT",142,"NL",2595
"2010",2002,"SDN",136,"NL",2595
"2011",2002,"SEA",152,"AL",2464
"2012",2002,"SFN",198,"NL",2595
"2013",2002,"SLN",175,"NL",2595
"2014",2002,"TBA",133,"AL",2464
"2015",2002,"TEX",230,"AL",2464
"2016",2002,"TOR",187,"AL",2464
"2017",2003,"ANA",150,"AL",2499
"2018",2003,"ARI",152,"NL",2708
"2019",2003,"ATL",235,"NL",2708
"2020",2003,"BAL",152,"AL",2499
"2021",2003,"BOS",238,"AL",2499
"2022",2003,"CHA",220,"AL",2499
"2023",2003,"CHN",172,"NL",2708
"2024",2003,"CIN",182,"NL",2708
"2025",2003,"CLE",158,"AL",2499
"2026",2003,"COL",198,"NL",2708
"2027",2003,"DET",153,"AL",2499
"2028",2003,"FLO",157,"NL",2708
"2029",2003,"HOU",191,"NL",2708
"2030",2003,"KCA",162,"AL",2499
"2031",2003,"LAN",124,"NL",2708
"2032",2003,"MIL",196,"NL",2708
"2033",2003,"MIN",155,"AL",2499
"2034",2003,"MON",144,"NL",2708
"2035",2003,"NYA",230,"AL",2499
"2036",2003,"NYN",124,"NL",2708
"2037",2003,"OAK",176,"AL",2499
"2038",2003,"PHI",166,"NL",2708
"2039",2003,"PIT",163,"NL",2708
"2040",2003,"SDN",128,"NL",2708
"2041",2003,"SEA",139,"AL",2499
"2042",2003,"SFN",180,"NL",2708
"2043",2003,"SLN",196,"NL",2708
"2044",2003,"TBA",137,"AL",2499
"2045",2003,"TEX",239,"AL",2499
"2046",2003,"TOR",190,"AL",2499
"2047",2004,"ANA",162,"AL",2605
"2048",2004,"ARI",135,"NL",2846
"2049",2004,"ATL",178,"NL",2846
"2050",2004,"BAL",169,"AL",2605
"2051",2004,"BOS",222,"AL",2605
"2052",2004,"CHA",242,"AL",2605
"2053",2004,"CHN",235,"NL",2846
"2054",2004,"CIN",194,"NL",2846
"2055",2004,"CLE",184,"AL",2605
"2056",2004,"COL",202,"NL",2846
"2057",2004,"DET",201,"AL",2605
"2058",2004,"FLO",148,"NL",2846
"2059",2004,"HOU",187,"NL",2846
"2060",2004,"KCA",150,"AL",2605
"2061",2004,"LAN",203,"NL",2846
"2062",2004,"MIL",135,"NL",2846
"2063",2004,"MIN",191,"AL",2605
"2064",2004,"MON",151,"NL",2846
"2065",2004,"NYA",242,"AL",2605
"2066",2004,"NYN",185,"NL",2846
"2067",2004,"OAK",189,"AL",2605
"2068",2004,"PHI",215,"NL",2846
"2069",2004,"PIT",142,"NL",2846
"2070",2004,"SDN",139,"NL",2846
"2071",2004,"SEA",136,"AL",2605
"2072",2004,"SFN",183,"NL",2846
"2073",2004,"SLN",214,"NL",2846
"2074",2004,"TBA",145,"AL",2605
"2075",2004,"TEX",227,"AL",2605
"2076",2004,"TOR",145,"AL",2605
"2077",2005,"ARI",191,"NL",2580
"2078",2005,"ATL",184,"NL",2580
"2079",2005,"BAL",189,"AL",2437
"2080",2005,"BOS",199,"AL",2437
"2081",2005,"CHA",200,"AL",2437
"2082",2005,"CHN",194,"NL",2580
"2083",2005,"CIN",222,"NL",2580
"2084",2005,"CLE",207,"AL",2437
"2085",2005,"COL",150,"NL",2580
"2086",2005,"DET",168,"AL",2437
"2087",2005,"FLO",128,"NL",2580
"2088",2005,"HOU",161,"NL",2580
"2089",2005,"KCA",126,"AL",2437
"2090",2005,"LAA",147,"AL",2437
"2091",2005,"LAN",149,"NL",2580
"2092",2005,"MIL",175,"NL",2580
"2093",2005,"MIN",134,"AL",2437
"2094",2005,"NYA",229,"AL",2437
"2095",2005,"NYN",175,"NL",2580
"2096",2005,"OAK",155,"AL",2437
"2097",2005,"PHI",167,"NL",2580
"2098",2005,"PIT",139,"NL",2580
"2099",2005,"SDN",130,"NL",2580
"2100",2005,"SEA",130,"AL",2437
"2101",2005,"SFN",128,"NL",2580
"2102",2005,"SLN",170,"NL",2580
"2103",2005,"TBA",157,"AL",2437
"2104",2005,"TEX",260,"AL",2437
"2105",2005,"TOR",136,"AL",2437
"2106",2005,"WAS",117,"NL",2580
"2107",2006,"ARI",160,"NL",2840
"2108",2006,"ATL",222,"NL",2840
"2109",2006,"BAL",164,"AL",2546
"2110",2006,"BOS",192,"AL",2546
"2111",2006,"CHA",236,"AL",2546
"2112",2006,"CHN",166,"NL",2840
"2113",2006,"CIN",217,"NL",2840
"2114",2006,"CLE",196,"AL",2546
"2115",2006,"COL",157,"NL",2840
"2116",2006,"DET",203,"AL",2546
"2117",2006,"FLO",182,"NL",2840
"2118",2006,"HOU",174,"NL",2840
"2119",2006,"KCA",124,"AL",2546
"2120",2006,"LAA",159,"AL",2546
"2121",2006,"LAN",153,"NL",2840
"2122",2006,"MIL",180,"NL",2840
"2123",2006,"MIN",143,"AL",2546
"2124",2006,"NYA",210,"AL",2546
"2125",2006,"NYN",200,"NL",2840
"2126",2006,"OAK",175,"AL",2546
"2127",2006,"PHI",216,"NL",2840
"2128",2006,"PIT",141,"NL",2840
"2129",2006,"SDN",161,"NL",2840
"2130",2006,"SEA",172,"AL",2546
"2131",2006,"SFN",163,"NL",2840
"2132",2006,"SLN",184,"NL",2840
"2133",2006,"TBA",190,"AL",2546
"2134",2006,"TEX",183,"AL",2546
"2135",2006,"TOR",199,"AL",2546
"2136",2006,"WAS",164,"NL",2840
"2137",2007,"ARI",171,"NL",2705
"2138",2007,"ATL",176,"NL",2705
"2139",2007,"BAL",142,"AL",2252
"2140",2007,"BOS",166,"AL",2252
"2141",2007,"CHA",190,"AL",2252
"2142",2007,"CHN",151,"NL",2705
"2143",2007,"CIN",204,"NL",2705
"2144",2007,"CLE",178,"AL",2252
"2145",2007,"COL",171,"NL",2705
"2146",2007,"DET",177,"AL",2252
"2147",2007,"FLO",201,"NL",2705
"2148",2007,"HOU",167,"NL",2705
"2149",2007,"KCA",102,"AL",2252
"2150",2007,"LAA",123,"AL",2252
"2151",2007,"LAN",129,"NL",2705
"2152",2007,"MIL",231,"NL",2705
"2153",2007,"MIN",118,"AL",2252
"2154",2007,"NYA",201,"AL",2252
"2155",2007,"NYN",177,"NL",2705
"2156",2007,"OAK",171,"AL",2252
"2157",2007,"PHI",213,"NL",2705
"2158",2007,"PIT",148,"NL",2705
"2159",2007,"SDN",171,"NL",2705
"2160",2007,"SEA",153,"AL",2252
"2161",2007,"SFN",131,"NL",2705
"2162",2007,"SLN",141,"NL",2705
"2163",2007,"TBA",187,"AL",2252
"2164",2007,"TEX",179,"AL",2252
"2165",2007,"TOR",165,"AL",2252
"2166",2007,"WAS",123,"NL",2705
"2167",2008,"ARI",159,"NL",2608
"2168",2008,"ATL",130,"NL",2608
"2169",2008,"BAL",172,"AL",2270
"2170",2008,"BOS",173,"AL",2270
"2171",2008,"CHA",235,"AL",2270
"2172",2008,"CHN",184,"NL",2608
"2173",2008,"CIN",187,"NL",2608
"2174",2008,"CLE",171,"AL",2270
"2175",2008,"COL",160,"NL",2608
"2176",2008,"DET",200,"AL",2270
"2177",2008,"FLO",208,"NL",2608
"2178",2008,"HOU",167,"NL",2608
"2179",2008,"KCA",120,"AL",2270
"2180",2008,"LAA",159,"AL",2270
"2181",2008,"LAN",137,"NL",2608
"2182",2008,"MIL",198,"NL",2608
"2183",2008,"MIN",111,"AL",2270
"2184",2008,"NYA",180,"AL",2270
"2185",2008,"NYN",172,"NL",2608
"2186",2008,"OAK",125,"AL",2270
"2187",2008,"PHI",214,"NL",2608
"2188",2008,"PIT",153,"NL",2608
"2189",2008,"SDN",154,"NL",2608
"2190",2008,"SEA",124,"AL",2270
"2191",2008,"SFN",94,"NL",2608
"2192",2008,"SLN",174,"NL",2608
"2193",2008,"TBA",180,"AL",2270
"2194",2008,"TEX",194,"AL",2270
"2195",2008,"TOR",126,"AL",2270
"2196",2008,"WAS",117,"NL",2608
"2197",2009,"ARI",173,"NL",2482
"2198",2009,"ATL",149,"NL",2482
"2199",2009,"BAL",160,"AL",2560
"2200",2009,"BOS",212,"AL",2560
"2201",2009,"CHA",184,"AL",2560
"2202",2009,"CHN",161,"NL",2482
"2203",2009,"CIN",158,"NL",2482
"2204",2009,"CLE",161,"AL",2560
"2205",2009,"COL",190,"NL",2482
"2206",2009,"DET",183,"AL",2560
"2207",2009,"FLO",159,"NL",2482
"2208",2009,"HOU",142,"NL",2482
"2209",2009,"KCA",144,"AL",2560
"2210",2009,"LAA",173,"AL",2560
"2211",2009,"LAN",145,"NL",2482
"2212",2009,"MIL",182,"NL",2482
"2213",2009,"MIN",172,"AL",2560
"2214",2009,"NYA",244,"AL",2560
"2215",2009,"NYN",95,"NL",2482
"2216",2009,"OAK",135,"AL",2560
"2217",2009,"PHI",224,"NL",2482
"2218",2009,"PIT",125,"NL",2482
"2219",2009,"SDN",141,"NL",2482
"2220",2009,"SEA",160,"AL",2560
"2221",2009,"SFN",122,"NL",2482
"2222",2009,"SLN",160,"NL",2482
"2223",2009,"TBA",199,"AL",2560
"2224",2009,"TEX",224,"AL",2560
"2225",2009,"TOR",209,"AL",2560
"2226",2009,"WAS",156,"NL",2482
"2227",2010,"ARI",180,"NL",2404
"2228",2010,"ATL",139,"NL",2404
"2229",2010,"BAL",133,"AL",2209
"2230",2010,"BOS",211,"AL",2209
"2231",2010,"CHA",177,"AL",2209
"2232",2010,"CHN",149,"NL",2404
"2233",2010,"CIN",188,"NL",2404
"2234",2010,"CLE",128,"AL",2209
"2235",2010,"COL",173,"NL",2404
"2236",2010,"DET",152,"AL",2209
"2237",2010,"FLO",152,"NL",2404
"2238",2010,"HOU",108,"NL",2404
"2239",2010,"KCA",121,"AL",2209
"2240",2010,"LAA",155,"AL",2209
"2241",2010,"LAN",120,"NL",2404
"2242",2010,"MIL",182,"NL",2404
"2243",2010,"MIN",142,"AL",2209
"2244",2010,"NYA",201,"AL",2209
"2245",2010,"NYN",128,"NL",2404
"2246",2010,"OAK",109,"AL",2209
"2247",2010,"PHI",166,"NL",2404
"2248",2010,"PIT",126,"NL",2404
"2249",2010,"SDN",132,"NL",2404
"2250",2010,"SEA",101,"AL",2209
"2251",2010,"SFN",162,"NL",2404
"2252",2010,"SLN",150,"NL",2404
"2253",2010,"TBA",160,"AL",2209
"2254",2010,"TEX",162,"AL",2209
"2255",2010,"TOR",257,"AL",2209
"2256",2010,"WAS",149,"NL",2404
"2257",2011,"ARI",172,"NL",2281
"2258",2011,"ATL",173,"NL",2281
"2259",2011,"BAL",191,"AL",2271
"2260",2011,"BOS",203,"AL",2271
"2261",2011,"CHA",154,"AL",2271
"2262",2011,"CHN",148,"NL",2281
"2263",2011,"CIN",183,"NL",2281
"2264",2011,"CLE",154,"AL",2271
"2265",2011,"COL",163,"NL",2281
"2266",2011,"DET",169,"AL",2271
"2267",2011,"FLO",149,"NL",2281
"2268",2011,"HOU",95,"NL",2281
"2269",2011,"KCA",129,"AL",2271
"2270",2011,"LAA",155,"AL",2271
"2271",2011,"LAN",117,"NL",2281
"2272",2011,"MIL",185,"NL",2281
"2273",2011,"MIN",103,"AL",2271
"2274",2011,"NYA",222,"AL",2271
"2275",2011,"NYN",108,"NL",2281
"2276",2011,"OAK",114,"AL",2271
"2277",2011,"PHI",153,"NL",2281
"2278",2011,"PIT",107,"NL",2281
"2279",2011,"SDN",91,"NL",2281
"2280",2011,"SEA",109,"AL",2271
"2281",2011,"SFN",121,"NL",2281
"2282",2011,"SLN",162,"NL",2281
"2283",2011,"TBA",172,"AL",2271
"2284",2011,"TEX",210,"AL",2271
"2285",2011,"TOR",186,"AL",2271
"2286",2011,"WAS",154,"NL",2281
"2287",2012,"ARI",165,"NL",2434
"2288",2012,"ATL",149,"NL",2434
"2289",2012,"BAL",214,"AL",2500
"2290",2012,"BOS",165,"AL",2500
"2291",2012,"CHA",211,"AL",2500
"2292",2012,"CHN",137,"NL",2434
"2293",2012,"CIN",172,"NL",2434
"2294",2012,"CLE",136,"AL",2500
"2295",2012,"COL",166,"NL",2434
"2296",2012,"DET",163,"AL",2500
"2297",2012,"HOU",146,"NL",2434
"2298",2012,"KCA",131,"AL",2500
"2299",2012,"LAA",187,"AL",2500
"2300",2012,"LAN",116,"NL",2434
"2301",2012,"MIA",137,"NL",2434
"2302",2012,"MIL",202,"NL",2434
"2303",2012,"MIN",131,"AL",2500
"2304",2012,"NYA",245,"AL",2500
"2305",2012,"NYN",139,"NL",2434
"2306",2012,"OAK",195,"AL",2500
"2307",2012,"PHI",158,"NL",2434
"2308",2012,"PIT",170,"NL",2434
"2309",2012,"SDN",121,"NL",2434
"2310",2012,"SEA",149,"AL",2500
"2311",2012,"SFN",103,"NL",2434
"2312",2012,"SLN",159,"NL",2434
"2313",2012,"TBA",175,"AL",2500
"2314",2012,"TEX",200,"AL",2500
"2315",2012,"TOR",198,"AL",2500
"2316",2012,"WAS",194,"NL",2434
"2317",2013,"ARI",130,"NL",2157
"2318",2013,"ATL",181,"NL",2157
"2319",2013,"BAL",212,"AL",2504
"2320",2013,"BOS",178,"AL",2504
"2321",2013,"CHA",148,"AL",2504
"2322",2013,"CHN",172,"NL",2157
"2323",2013,"CIN",155,"NL",2157
"2324",2013,"CLE",171,"AL",2504
"2325",2013,"COL",159,"NL",2157
"2326",2013,"DET",176,"AL",2504
"2327",2013,"HOU",148,"AL",2504
"2328",2013,"KCA",112,"AL",2504
"2329",2013,"LAA",164,"AL",2504
"2330",2013,"LAN",138,"NL",2157
"2331",2013,"MIA",95,"NL",2157
"2332",2013,"MIL",157,"NL",2157
"2333",2013,"MIN",151,"AL",2504
"2334",2013,"NYA",144,"AL",2504
"2335",2013,"NYN",130,"NL",2157
"2336",2013,"OAK",186,"AL",2504
"2337",2013,"PHI",140,"NL",2157
"2338",2013,"PIT",161,"NL",2157
"2339",2013,"SDN",146,"NL",2157
"2340",2013,"SEA",188,"AL",2504
"2341",2013,"SFN",107,"NL",2157
"2342",2013,"SLN",125,"NL",2157
"2343",2013,"TBA",165,"AL",2504
"2344",2013,"TEX",176,"AL",2504
"2345",2013,"TOR",185,"AL",2504
"2346",2013,"WAS",161,"NL",2157
"2347",2014,"ARI",118,"NL",2025
"2348",2014,"ATL",123,"NL",2025
"2349",2014,"BAL",211,"AL",2161
"2350",2014,"BOS",123,"AL",2161
"2351",2014,"CHA",155,"AL",2161
"2352",2014,"CHN",157,"NL",2025
"2353",2014,"CIN",131,"NL",2025
"2354",2014,"CLE",142,"AL",2161
"2355",2014,"COL",186,"NL",2025
"2356",2014,"DET",155,"AL",2161
"2357",2014,"HOU",163,"AL",2161
"2358",2014,"KCA",95,"AL",2161
"2359",2014,"LAA",155,"AL",2161
"2360",2014,"LAN",134,"NL",2025
"2361",2014,"MIA",122,"NL",2025
"2362",2014,"MIL",150,"NL",2025
"2363",2014,"MIN",128,"AL",2161
"2364",2014,"NYA",147,"AL",2161
"2365",2014,"NYN",125,"NL",2025
"2366",2014,"OAK",146,"AL",2161
"2367",2014,"PHI",125,"NL",2025
"2368",2014,"PIT",156,"NL",2025
"2369",2014,"SDN",109,"NL",2025
"2370",2014,"SEA",136,"AL",2161
"2371",2014,"SFN",132,"NL",2025
"2372",2014,"SLN",105,"NL",2025
"2373",2014,"TBA",117,"AL",2161
"2374",2014,"TEX",111,"AL",2161
"2375",2014,"TOR",177,"AL",2161
"2376",2014,"WAS",152,"NL",2025
"2377",2015,"ARI",154,"NL",2275
"2378",2015,"ATL",100,"NL",2275
"2379",2015,"BAL",217,"AL",2634
"2380",2015,"BOS",161,"AL",2634
"2381",2015,"CHA",136,"AL",2634
"2382",2015,"CHN",171,"NL",2275
"2383",2015,"CIN",167,"NL",2275
"2384",2015,"CLE",141,"AL",2634
"2385",2015,"COL",186,"NL",2275
"2386",2015,"DET",151,"AL",2634
"2387",2015,"HOU",230,"AL",2634
"2388",2015,"KCA",139,"AL",2634
"2389",2015,"LAA",176,"AL",2634
"2390",2015,"LAN",187,"NL",2275
"2391",2015,"MIA",120,"NL",2275
"2392",2015,"MIL",145,"NL",2275
"2393",2015,"MIN",156,"AL",2634
"2394",2015,"NYA",212,"AL",2634
"2395",2015,"NYN",177,"NL",2275
"2396",2015,"OAK",146,"AL",2634
"2397",2015,"PHI",130,"NL",2275
"2398",2015,"PIT",140,"NL",2275
"2399",2015,"SDN",148,"NL",2275
"2400",2015,"SEA",198,"AL",2634
"2401",2015,"SFN",136,"NL",2275
"2402",2015,"SLN",137,"NL",2275
"2403",2015,"TBA",167,"AL",2634
"2404",2015,"TEX",172,"AL",2634
"2405",2015,"TOR",232,"AL",2634
"2406",2015,"WAS",177,"NL",2275
"2407",2016,"ARI",190,"NL",2657
"2408",2016,"ATL",122,"NL",2657
"2409",2016,"BAL",253,"AL",2953
"2410",2016,"BOS",208,"AL",2953
"2411",2016,"CHA",168,"AL",2953
"2412",2016,"CHN",199,"NL",2657
"2413",2016,"CIN",164,"NL",2657
"2414",2016,"CLE",185,"AL",2953
"2415",2016,"COL",204,"NL",2657
"2416",2016,"DET",211,"AL",2953
"2417",2016,"HOU",198,"AL",2953
"2418",2016,"KCA",147,"AL",2953
"2419",2016,"LAA",156,"AL",2953
"2420",2016,"LAN",189,"NL",2657
"2421",2016,"MIA",128,"NL",2657
"2422",2016,"MIL",194,"NL",2657
"2423",2016,"MIN",200,"AL",2953
"2424",2016,"NYA",183,"AL",2953
"2425",2016,"NYN",218,"NL",2657
"2426",2016,"OAK",169,"AL",2953
"2427",2016,"PHI",161,"NL",2657
"2428",2016,"PIT",153,"NL",2657
"2429",2016,"SDN",177,"NL",2657
"2430",2016,"SEA",223,"AL",2953
"2431",2016,"SFN",130,"NL",2657
"2432",2016,"SLN",225,"NL",2657
"2433",2016,"TBA",216,"AL",2953
"2434",2016,"TEX",215,"AL",2953
"2435",2016,"TOR",221,"AL",2953
"2436",2016,"WAS",203,"NL",2657
